{
  "username": "4gophers",
  "tweets": 142,
  "ownTweets": 51,
  "ownTweetsPercentage": 35.91549295774648,
  "retweets": 47,
  "retweetsPercentage": 33.098591549295776,
  "replies": 44,
  "repliesPercentage": 30.985915492957748,
  "retweeted": 33,
  "retweetedKpi": 0.65,
  "favorited": 68,
  "favoritedKpi": 1.33
}
