{
  "username": "@kurmanov",
  "tweets": 102,
  "ownTweets": 24,
  "ownTweetsPercentage": 23.52941176470588,
  "retweets": 40,
  "retweetsPercentage": 39.21568627450981,
  "replies": 38,
  "repliesPercentage": 37.254901960784316,
  "retweeted": 20,
  "retweetedKpi": 0.83,
  "favorited": 37,
  "favoritedKpi": 1.54
}
