{
  "username": "@kurmanov",
  "tweets": 101,
  "ownTweets": 24,
  "ownTweetsPercentage": 23.762376237623762,
  "retweets": 39,
  "retweetsPercentage": 38.613861386138616,
  "replies": 38,
  "repliesPercentage": 37.62376237623762,
  "retweeted": 20,
  "retweetedKpi": 0.83,
  "favorited": 37,
  "favoritedKpi": 1.54
}
