{
  "username": "@kurmanov",
  "tweets": 87,
  "ownTweets": 22,
  "ownTweetsPercentage": 25.28735632183908,
  "retweets": 31,
  "retweetsPercentage": 35.632183908045974,
  "replies": 34,
  "repliesPercentage": 39.08045977011494,
  "retweeted": 20,
  "retweetedKpi": 0.91,
  "favorited": 35,
  "favoritedKpi": 1.59
}
