{
  "username": "@kurmanov",
  "tweets": 86,
  "ownTweets": 22,
  "ownTweetsPercentage": 25.58139534883721,
  "retweets": 30,
  "retweetsPercentage": 34.883720930232556,
  "replies": 34,
  "repliesPercentage": 39.53488372093023,
  "retweeted": 20,
  "retweetedKpi": 0.91,
  "favorited": 34,
  "favoritedKpi": 1.55
}
