{
  "username": "@kurmanov",
  "tweets": 112,
  "ownTweets": 26,
  "ownTweetsPercentage": 23.21428571428571,
  "retweets": 47,
  "retweetsPercentage": 41.96428571428571,
  "replies": 39,
  "repliesPercentage": 34.82142857142857,
  "retweeted": 21,
  "retweetedKpi": 0.81,
  "favorited": 43,
  "favoritedKpi": 1.65
}
