{
  "username": "@kurmanov",
  "tweets": 66,
  "ownTweets": 17,
  "ownTweetsPercentage": 25.757575757575758,
  "retweets": 21,
  "retweetsPercentage": 31.818181818181817,
  "replies": 28,
  "repliesPercentage": 42.42424242424242,
  "retweeted": 13,
  "retweetedKpi": 0.76,
  "favorited": 17,
  "favoritedKpi": 1
}
