{
  "username": "_bugov",
  "tweets": 324,
  "ownTweets": 62,
  "ownTweetsPercentage": 19.1358024691358,
  "retweets": 131,
  "retweetsPercentage": 40.432098765432094,
  "replies": 131,
  "repliesPercentage": 40.432098765432094,
  "retweeted": 18,
  "retweetedKpi": 0.29,
  "favorited": 61,
  "favoritedKpi": 0.98
}
