{
  "username": "AlexSerbul",
  "tweets": 431,
  "ownTweets": 404,
  "ownTweetsPercentage": 93.7354988399072,
  "retweets": 13,
  "retweetsPercentage": 3.0162412993039447,
  "replies": 14,
  "repliesPercentage": 3.2482598607888633,
  "retweeted": 123,
  "retweetedKpi": 0.3,
  "favorited": 326,
  "favoritedKpi": 0.81
}
