{
  "username": "AlexSerbul",
  "tweets": 127,
  "ownTweets": 111,
  "ownTweetsPercentage": 87.4015748031496,
  "retweets": 6,
  "retweetsPercentage": 4.724409448818897,
  "replies": 10,
  "repliesPercentage": 7.874015748031496,
  "retweeted": 57,
  "retweetedKpi": 0.51,
  "favorited": 151,
  "favoritedKpi": 1.36
}
