{
  "username": "AlexSerbul",
  "tweets": 470,
  "ownTweets": 441,
  "ownTweetsPercentage": 93.82978723404256,
  "retweets": 15,
  "retweetsPercentage": 3.1914893617021276,
  "replies": 14,
  "repliesPercentage": 2.978723404255319,
  "retweeted": 132,
  "retweetedKpi": 0.3,
  "favorited": 365,
  "favoritedKpi": 0.83
}
