{
  "username": "AlexSerbul",
  "tweets": 610,
  "ownTweets": 560,
  "ownTweetsPercentage": 91.8032786885246,
  "retweets": 25,
  "retweetsPercentage": 4.0983606557377055,
  "replies": 25,
  "repliesPercentage": 4.0983606557377055,
  "retweeted": 151,
  "retweetedKpi": 0.27,
  "favorited": 436,
  "favoritedKpi": 0.78
}
