{
  "username": "AlexSerbul",
  "tweets": 130,
  "ownTweets": 114,
  "ownTweetsPercentage": 87.6923076923077,
  "retweets": 6,
  "retweetsPercentage": 4.615384615384615,
  "replies": 10,
  "repliesPercentage": 7.692307692307692,
  "retweeted": 62,
  "retweetedKpi": 0.54,
  "favorited": 161,
  "favoritedKpi": 1.41
}
