{
  "username": "AlexSerbul",
  "tweets": 778,
  "ownTweets": 689,
  "ownTweetsPercentage": 88.56041131105398,
  "retweets": 39,
  "retweetsPercentage": 5.012853470437018,
  "replies": 50,
  "repliesPercentage": 6.426735218508997,
  "retweeted": 178,
  "retweetedKpi": 0.26,
  "favorited": 554,
  "favoritedKpi": 0.8
}
