{
  "username": "AlexSerbul",
  "tweets": 124,
  "ownTweets": 109,
  "ownTweetsPercentage": 87.90322580645162,
  "retweets": 6,
  "retweetsPercentage": 4.838709677419355,
  "replies": 9,
  "repliesPercentage": 7.258064516129032,
  "retweeted": 52,
  "retweetedKpi": 0.48,
  "favorited": 144,
  "favoritedKpi": 1.32
}
