{
  "username": "AlexSerbul",
  "tweets": 631,
  "ownTweets": 576,
  "ownTweetsPercentage": 91.28367670364501,
  "retweets": 29,
  "retweetsPercentage": 4.595879556259905,
  "replies": 26,
  "repliesPercentage": 4.120443740095087,
  "retweeted": 158,
  "retweetedKpi": 0.27,
  "favorited": 447,
  "favoritedKpi": 0.78
}
