{
  "username": "AlexSerbul",
  "tweets": 388,
  "ownTweets": 362,
  "ownTweetsPercentage": 93.29896907216495,
  "retweets": 12,
  "retweetsPercentage": 3.0927835051546393,
  "replies": 14,
  "repliesPercentage": 3.6082474226804124,
  "retweeted": 115,
  "retweetedKpi": 0.32,
  "favorited": 304,
  "favoritedKpi": 0.84
}
