{
  "username": "AlexSerbul",
  "tweets": 175,
  "ownTweets": 159,
  "ownTweetsPercentage": 90.85714285714286,
  "retweets": 6,
  "retweetsPercentage": 3.4285714285714284,
  "replies": 10,
  "repliesPercentage": 5.714285714285714,
  "retweeted": 77,
  "retweetedKpi": 0.48,
  "favorited": 186,
  "favoritedKpi": 1.17
}
