{
  "username": "AlexSerbul",
  "tweets": 424,
  "ownTweets": 397,
  "ownTweetsPercentage": 93.6320754716981,
  "retweets": 13,
  "retweetsPercentage": 3.0660377358490565,
  "replies": 14,
  "repliesPercentage": 3.30188679245283,
  "retweeted": 123,
  "retweetedKpi": 0.31,
  "favorited": 326,
  "favoritedKpi": 0.82
}
