{
  "username": "AlexSerbul",
  "tweets": 238,
  "ownTweets": 221,
  "ownTweetsPercentage": 92.85714285714286,
  "retweets": 6,
  "retweetsPercentage": 2.5210084033613445,
  "replies": 11,
  "repliesPercentage": 4.621848739495799,
  "retweeted": 83,
  "retweetedKpi": 0.38,
  "favorited": 217,
  "favoritedKpi": 0.98
}
