{
  "username": "AlexSerbul",
  "tweets": 478,
  "ownTweets": 448,
  "ownTweetsPercentage": 93.72384937238493,
  "retweets": 16,
  "retweetsPercentage": 3.3472803347280333,
  "replies": 14,
  "repliesPercentage": 2.928870292887029,
  "retweeted": 134,
  "retweetedKpi": 0.3,
  "favorited": 370,
  "favoritedKpi": 0.83
}
