{
  "username": "AlexSerbul",
  "tweets": 633,
  "ownTweets": 578,
  "ownTweetsPercentage": 91.31121642969984,
  "retweets": 29,
  "retweetsPercentage": 4.581358609794629,
  "replies": 26,
  "repliesPercentage": 4.107424960505529,
  "retweeted": 160,
  "retweetedKpi": 0.28,
  "favorited": 448,
  "favoritedKpi": 0.78
}
