{
  "username": "AlexSerbul",
  "tweets": 733,
  "ownTweets": 648,
  "ownTweetsPercentage": 88.4038199181446,
  "retweets": 38,
  "retweetsPercentage": 5.184174624829468,
  "replies": 47,
  "repliesPercentage": 6.412005457025921,
  "retweeted": 172,
  "retweetedKpi": 0.27,
  "favorited": 497,
  "favoritedKpi": 0.77
}
