{
  "username": "AlexSerbul",
  "tweets": 483,
  "ownTweets": 453,
  "ownTweetsPercentage": 93.7888198757764,
  "retweets": 16,
  "retweetsPercentage": 3.312629399585921,
  "replies": 14,
  "repliesPercentage": 2.898550724637681,
  "retweeted": 134,
  "retweetedKpi": 0.3,
  "favorited": 372,
  "favoritedKpi": 0.82
}
