{
  "username": "AlexSerbul",
  "tweets": 687,
  "ownTweets": 618,
  "ownTweetsPercentage": 89.95633187772926,
  "retweets": 36,
  "retweetsPercentage": 5.240174672489083,
  "replies": 33,
  "repliesPercentage": 4.8034934497816595,
  "retweeted": 167,
  "retweetedKpi": 0.27,
  "favorited": 466,
  "favoritedKpi": 0.75
}
