{
  "username": "AlexSerbul",
  "tweets": 674,
  "ownTweets": 611,
  "ownTweetsPercentage": 90.65281899109792,
  "retweets": 33,
  "retweetsPercentage": 4.896142433234421,
  "replies": 30,
  "repliesPercentage": 4.451038575667655,
  "retweeted": 165,
  "retweetedKpi": 0.27,
  "favorited": 463,
  "favoritedKpi": 0.76
}
