{
  "username": "AlexSerbul",
  "tweets": 734,
  "ownTweets": 649,
  "ownTweetsPercentage": 88.41961852861036,
  "retweets": 38,
  "retweetsPercentage": 5.177111716621254,
  "replies": 47,
  "repliesPercentage": 6.4032697547683926,
  "retweeted": 172,
  "retweetedKpi": 0.27,
  "favorited": 497,
  "favoritedKpi": 0.77
}
