{
  "username": "AlexSerbul",
  "tweets": 430,
  "ownTweets": 403,
  "ownTweetsPercentage": 93.72093023255815,
  "retweets": 13,
  "retweetsPercentage": 3.0232558139534884,
  "replies": 14,
  "repliesPercentage": 3.255813953488372,
  "retweeted": 123,
  "retweetedKpi": 0.31,
  "favorited": 326,
  "favoritedKpi": 0.81
}
