{
  "username": "AlexSerbul",
  "tweets": 377,
  "ownTweets": 351,
  "ownTweetsPercentage": 93.10344827586206,
  "retweets": 12,
  "retweetsPercentage": 3.183023872679045,
  "replies": 14,
  "repliesPercentage": 3.713527851458886,
  "retweeted": 110,
  "retweetedKpi": 0.31,
  "favorited": 302,
  "favoritedKpi": 0.86
}
