{
  "username": "AlexSerbul",
  "tweets": 387,
  "ownTweets": 361,
  "ownTweetsPercentage": 93.28165374677002,
  "retweets": 12,
  "retweetsPercentage": 3.1007751937984493,
  "replies": 14,
  "repliesPercentage": 3.6175710594315245,
  "retweeted": 115,
  "retweetedKpi": 0.32,
  "favorited": 304,
  "favoritedKpi": 0.84
}
