{
  "username": "AlexSerbul",
  "tweets": 133,
  "ownTweets": 117,
  "ownTweetsPercentage": 87.96992481203007,
  "retweets": 6,
  "retweetsPercentage": 4.511278195488722,
  "replies": 10,
  "repliesPercentage": 7.518796992481203,
  "retweeted": 63,
  "retweetedKpi": 0.54,
  "favorited": 164,
  "favoritedKpi": 1.4
}
