{
  "username": "AlexSerbul",
  "tweets": 138,
  "ownTweets": 122,
  "ownTweetsPercentage": 88.40579710144928,
  "retweets": 6,
  "retweetsPercentage": 4.347826086956522,
  "replies": 10,
  "repliesPercentage": 7.246376811594203,
  "retweeted": 64,
  "retweetedKpi": 0.52,
  "favorited": 166,
  "favoritedKpi": 1.36
}
