{
  "username": "AlexSerbul",
  "tweets": 257,
  "ownTweets": 238,
  "ownTweetsPercentage": 92.6070038910506,
  "retweets": 6,
  "retweetsPercentage": 2.3346303501945527,
  "replies": 13,
  "repliesPercentage": 5.0583657587548645,
  "retweeted": 88,
  "retweetedKpi": 0.37,
  "favorited": 243,
  "favoritedKpi": 1.02
}
