{
  "username": "AlexSerbul",
  "tweets": 428,
  "ownTweets": 401,
  "ownTweetsPercentage": 93.69158878504672,
  "retweets": 13,
  "retweetsPercentage": 3.0373831775700935,
  "replies": 14,
  "repliesPercentage": 3.2710280373831773,
  "retweeted": 123,
  "retweetedKpi": 0.31,
  "favorited": 326,
  "favoritedKpi": 0.81
}
