{
  "username": "AlexSerbul",
  "tweets": 425,
  "ownTweets": 398,
  "ownTweetsPercentage": 93.6470588235294,
  "retweets": 13,
  "retweetsPercentage": 3.0588235294117645,
  "replies": 14,
  "repliesPercentage": 3.2941176470588234,
  "retweeted": 123,
  "retweetedKpi": 0.31,
  "favorited": 326,
  "favoritedKpi": 0.82
}
