{
  "username": "AlexSerbul",
  "tweets": 427,
  "ownTweets": 400,
  "ownTweetsPercentage": 93.6768149882904,
  "retweets": 13,
  "retweetsPercentage": 3.044496487119438,
  "replies": 14,
  "repliesPercentage": 3.2786885245901645,
  "retweeted": 123,
  "retweetedKpi": 0.31,
  "favorited": 326,
  "favoritedKpi": 0.81
}
