{
  "username": "AlexSerbul",
  "tweets": 632,
  "ownTweets": 577,
  "ownTweetsPercentage": 91.29746835443038,
  "retweets": 29,
  "retweetsPercentage": 4.5886075949367084,
  "replies": 26,
  "repliesPercentage": 4.113924050632911,
  "retweeted": 158,
  "retweetedKpi": 0.27,
  "favorited": 447,
  "favoritedKpi": 0.77
}
