{
  "username": "AlexSerbul",
  "tweets": 686,
  "ownTweets": 618,
  "ownTweetsPercentage": 90.0874635568513,
  "retweets": 36,
  "retweetsPercentage": 5.247813411078717,
  "replies": 32,
  "repliesPercentage": 4.66472303206997,
  "retweeted": 167,
  "retweetedKpi": 0.27,
  "favorited": 466,
  "favoritedKpi": 0.75
}
