{
  "username": "AlexSerbul",
  "tweets": 139,
  "ownTweets": 123,
  "ownTweetsPercentage": 88.48920863309353,
  "retweets": 6,
  "retweetsPercentage": 4.316546762589929,
  "replies": 10,
  "repliesPercentage": 7.194244604316547,
  "retweeted": 64,
  "retweetedKpi": 0.52,
  "favorited": 166,
  "favoritedKpi": 1.35
}
