{
  "username": "AlexSerbul",
  "tweets": 779,
  "ownTweets": 690,
  "ownTweetsPercentage": 88.57509627727856,
  "retweets": 39,
  "retweetsPercentage": 5.006418485237484,
  "replies": 50,
  "repliesPercentage": 6.418485237483954,
  "retweeted": 178,
  "retweetedKpi": 0.26,
  "favorited": 554,
  "favoritedKpi": 0.8
}
