{
  "username": "AlexSerbul",
  "tweets": 764,
  "ownTweets": 676,
  "ownTweetsPercentage": 88.48167539267016,
  "retweets": 39,
  "retweetsPercentage": 5.104712041884817,
  "replies": 49,
  "repliesPercentage": 6.4136125654450264,
  "retweeted": 177,
  "retweetedKpi": 0.26,
  "favorited": 525,
  "favoritedKpi": 0.78
}
