{
  "username": "AlexSerbul",
  "tweets": 227,
  "ownTweets": 210,
  "ownTweetsPercentage": 92.51101321585902,
  "retweets": 6,
  "retweetsPercentage": 2.643171806167401,
  "replies": 11,
  "repliesPercentage": 4.845814977973569,
  "retweeted": 81,
  "retweetedKpi": 0.39,
  "favorited": 212,
  "favoritedKpi": 1.01
}
