{
  "username": "AlexSerbul",
  "tweets": 433,
  "ownTweets": 406,
  "ownTweetsPercentage": 93.76443418013857,
  "retweets": 13,
  "retweetsPercentage": 3.0023094688221708,
  "replies": 14,
  "repliesPercentage": 3.233256351039261,
  "retweeted": 124,
  "retweetedKpi": 0.31,
  "favorited": 330,
  "favoritedKpi": 0.81
}
