{
  "username": "AlexSerbul",
  "tweets": 378,
  "ownTweets": 352,
  "ownTweetsPercentage": 93.12169312169313,
  "retweets": 12,
  "retweetsPercentage": 3.174603174603175,
  "replies": 14,
  "repliesPercentage": 3.7037037037037037,
  "retweeted": 110,
  "retweetedKpi": 0.31,
  "favorited": 302,
  "favoritedKpi": 0.86
}
