{
  "username": "AlexSerbul",
  "tweets": 482,
  "ownTweets": 452,
  "ownTweetsPercentage": 93.7759336099585,
  "retweets": 16,
  "retweetsPercentage": 3.3195020746887964,
  "replies": 14,
  "repliesPercentage": 2.904564315352697,
  "retweeted": 134,
  "retweetedKpi": 0.3,
  "favorited": 372,
  "favoritedKpi": 0.82
}
