{
  "username": "AlexSerbul",
  "tweets": 645,
  "ownTweets": 586,
  "ownTweetsPercentage": 90.85271317829456,
  "retweets": 32,
  "retweetsPercentage": 4.961240310077519,
  "replies": 27,
  "repliesPercentage": 4.186046511627906,
  "retweeted": 164,
  "retweetedKpi": 0.28,
  "favorited": 454,
  "favoritedKpi": 0.77
}
