{
  "username": "AlexSerbul",
  "tweets": 747,
  "ownTweets": 661,
  "ownTweetsPercentage": 88.48728246318608,
  "retweets": 38,
  "retweetsPercentage": 5.087014725568943,
  "replies": 48,
  "repliesPercentage": 6.42570281124498,
  "retweeted": 175,
  "retweetedKpi": 0.26,
  "favorited": 512,
  "favoritedKpi": 0.77
}
