{
  "username": "AlexSerbul",
  "tweets": 188,
  "ownTweets": 171,
  "ownTweetsPercentage": 90.95744680851064,
  "retweets": 6,
  "retweetsPercentage": 3.191489361702128,
  "replies": 11,
  "repliesPercentage": 5.851063829787234,
  "retweeted": 78,
  "retweetedKpi": 0.46,
  "favorited": 201,
  "favoritedKpi": 1.18
}
