{
  "username": "AlexSerbul",
  "tweets": 196,
  "ownTweets": 179,
  "ownTweetsPercentage": 91.3265306122449,
  "retweets": 6,
  "retweetsPercentage": 3.061224489795918,
  "replies": 11,
  "repliesPercentage": 5.612244897959184,
  "retweeted": 78,
  "retweetedKpi": 0.44,
  "favorited": 207,
  "favoritedKpi": 1.16
}
