{
  "username": "AlexSerbul",
  "tweets": 516,
  "ownTweets": 483,
  "ownTweetsPercentage": 93.60465116279069,
  "retweets": 19,
  "retweetsPercentage": 3.682170542635659,
  "replies": 14,
  "repliesPercentage": 2.7131782945736433,
  "retweeted": 136,
  "retweetedKpi": 0.28,
  "favorited": 392,
  "favoritedKpi": 0.81
}
