{
  "username": "AlexSerbul",
  "tweets": 766,
  "ownTweets": 678,
  "ownTweetsPercentage": 88.51174934725849,
  "retweets": 39,
  "retweetsPercentage": 5.091383812010444,
  "replies": 49,
  "repliesPercentage": 6.396866840731071,
  "retweeted": 177,
  "retweetedKpi": 0.26,
  "favorited": 525,
  "favoritedKpi": 0.77
}
