{
  "username": "AlexSerbul",
  "tweets": 740,
  "ownTweets": 654,
  "ownTweetsPercentage": 88.37837837837837,
  "retweets": 38,
  "retweetsPercentage": 5.135135135135135,
  "replies": 48,
  "repliesPercentage": 6.486486486486486,
  "retweeted": 175,
  "retweetedKpi": 0.27,
  "favorited": 504,
  "favoritedKpi": 0.77
}
