{
  "username": "AlexSerbul",
  "tweets": 426,
  "ownTweets": 399,
  "ownTweetsPercentage": 93.66197183098592,
  "retweets": 13,
  "retweetsPercentage": 3.051643192488263,
  "replies": 14,
  "repliesPercentage": 3.286384976525822,
  "retweeted": 123,
  "retweetedKpi": 0.31,
  "favorited": 326,
  "favoritedKpi": 0.82
}
