{
  "username": "AlexSerbul",
  "tweets": 228,
  "ownTweets": 211,
  "ownTweetsPercentage": 92.54385964912281,
  "retweets": 6,
  "retweetsPercentage": 2.6315789473684212,
  "replies": 11,
  "repliesPercentage": 4.824561403508772,
  "retweeted": 82,
  "retweetedKpi": 0.39,
  "favorited": 212,
  "favoritedKpi": 1
}
