{
  "username": "AlexSerbul",
  "tweets": 345,
  "ownTweets": 323,
  "ownTweetsPercentage": 93.6231884057971,
  "retweets": 8,
  "retweetsPercentage": 2.318840579710145,
  "replies": 14,
  "repliesPercentage": 4.057971014492753,
  "retweeted": 101,
  "retweetedKpi": 0.31,
  "favorited": 283,
  "favoritedKpi": 0.88
}
