{
  "username": "anton_sunrise",
  "tweets": 190,
  "ownTweets": 58,
  "ownTweetsPercentage": 30.526315789473685,
  "retweets": 61,
  "retweetsPercentage": 32.10526315789474,
  "replies": 71,
  "repliesPercentage": 37.36842105263158,
  "retweeted": 19,
  "retweetedKpi": 0.33,
  "favorited": 51,
  "favoritedKpi": 0.88
}
