{
  "username": "anton_sunrise",
  "tweets": 117,
  "ownTweets": 48,
  "ownTweetsPercentage": 41.02564102564103,
  "retweets": 20,
  "retweetsPercentage": 17.094017094017094,
  "replies": 49,
  "repliesPercentage": 41.88034188034188,
  "retweeted": 16,
  "retweetedKpi": 0.33,
  "favorited": 23,
  "favoritedKpi": 0.48
}
