{
  "username": "anton_davydov",
  "tweets": 275,
  "ownTweets": 65,
  "ownTweetsPercentage": 23.636363636363637,
  "retweets": 168,
  "retweetsPercentage": 61.09090909090909,
  "replies": 42,
  "repliesPercentage": 15.272727272727273,
  "retweeted": 44,
  "retweetedKpi": 0.68,
  "favorited": 128,
  "favoritedKpi": 1.97
}
