{
  "username": "anton_sunrise",
  "tweets": 144,
  "ownTweets": 50,
  "ownTweetsPercentage": 34.72222222222222,
  "retweets": 33,
  "retweetsPercentage": 22.916666666666668,
  "replies": 61,
  "repliesPercentage": 42.361111111111114,
  "retweeted": 19,
  "retweetedKpi": 0.38,
  "favorited": 47,
  "favoritedKpi": 0.94
}
