{
  "username": "anton_sunrise",
  "tweets": 115,
  "ownTweets": 48,
  "ownTweetsPercentage": 41.73913043478261,
  "retweets": 19,
  "retweetsPercentage": 16.521739130434785,
  "replies": 48,
  "repliesPercentage": 41.73913043478261,
  "retweeted": 16,
  "retweetedKpi": 0.33,
  "favorited": 22,
  "favoritedKpi": 0.46
}
