{
  "username": "anton_sunrise",
  "tweets": 114,
  "ownTweets": 48,
  "ownTweetsPercentage": 42.10526315789474,
  "retweets": 18,
  "retweetsPercentage": 15.789473684210527,
  "replies": 48,
  "repliesPercentage": 42.10526315789474,
  "retweeted": 16,
  "retweetedKpi": 0.33,
  "favorited": 22,
  "favoritedKpi": 0.46
}
