{
  "username": "anton_sunrise",
  "tweets": 218,
  "ownTweets": 63,
  "ownTweetsPercentage": 28.899082568807337,
  "retweets": 78,
  "retweetsPercentage": 35.77981651376147,
  "replies": 77,
  "repliesPercentage": 35.32110091743119,
  "retweeted": 23,
  "retweetedKpi": 0.37,
  "favorited": 53,
  "favoritedKpi": 0.84
}
