{
  "username": "anton_davydov",
  "tweets": 396,
  "ownTweets": 93,
  "ownTweetsPercentage": 23.484848484848484,
  "retweets": 239,
  "retweetsPercentage": 60.35353535353536,
  "replies": 64,
  "repliesPercentage": 16.161616161616163,
  "retweeted": 68,
  "retweetedKpi": 0.73,
  "favorited": 227,
  "favoritedKpi": 2.44
}
