{
  "username": "anton_davydov",
  "tweets": 393,
  "ownTweets": 90,
  "ownTweetsPercentage": 22.900763358778626,
  "retweets": 239,
  "retweetsPercentage": 60.81424936386768,
  "replies": 64,
  "repliesPercentage": 16.28498727735369,
  "retweeted": 66,
  "retweetedKpi": 0.73,
  "favorited": 224,
  "favoritedKpi": 2.49
}
