{
  "username": "anton_davydov",
  "tweets": 391,
  "ownTweets": 90,
  "ownTweetsPercentage": 23.017902813299234,
  "retweets": 237,
  "retweetsPercentage": 60.61381074168798,
  "replies": 64,
  "repliesPercentage": 16.36828644501279,
  "retweeted": 66,
  "retweetedKpi": 0.73,
  "favorited": 224,
  "favoritedKpi": 2.49
}
