{
  "username": "anton_sunrise",
  "tweets": 138,
  "ownTweets": 50,
  "ownTweetsPercentage": 36.231884057971016,
  "retweets": 28,
  "retweetsPercentage": 20.28985507246377,
  "replies": 60,
  "repliesPercentage": 43.47826086956522,
  "retweeted": 17,
  "retweetedKpi": 0.34,
  "favorited": 38,
  "favoritedKpi": 0.76
}
