{
  "username": "anton_sunrise",
  "tweets": 139,
  "ownTweets": 50,
  "ownTweetsPercentage": 35.97122302158274,
  "retweets": 28,
  "retweetsPercentage": 20.143884892086334,
  "replies": 61,
  "repliesPercentage": 43.884892086330936,
  "retweeted": 17,
  "retweetedKpi": 0.34,
  "favorited": 39,
  "favoritedKpi": 0.78
}
