{
  "username": "anton_davydov",
  "tweets": 281,
  "ownTweets": 66,
  "ownTweetsPercentage": 23.487544483985765,
  "retweets": 173,
  "retweetsPercentage": 61.56583629893238,
  "replies": 42,
  "repliesPercentage": 14.94661921708185,
  "retweeted": 52,
  "retweetedKpi": 0.79,
  "favorited": 150,
  "favoritedKpi": 2.27
}
