{
  "username": "anton_davydov",
  "tweets": 345,
  "ownTweets": 86,
  "ownTweetsPercentage": 24.927536231884055,
  "retweets": 204,
  "retweetsPercentage": 59.130434782608695,
  "replies": 55,
  "repliesPercentage": 15.942028985507246,
  "retweeted": 65,
  "retweetedKpi": 0.76,
  "favorited": 219,
  "favoritedKpi": 2.55
}
