{
  "username": "anton_davydov",
  "tweets": 283,
  "ownTweets": 66,
  "ownTweetsPercentage": 23.32155477031802,
  "retweets": 175,
  "retweetsPercentage": 61.83745583038869,
  "replies": 42,
  "repliesPercentage": 14.840989399293285,
  "retweeted": 56,
  "retweetedKpi": 0.85,
  "favorited": 166,
  "favoritedKpi": 2.52
}
