{
  "username": "anton_davydov",
  "tweets": 389,
  "ownTweets": 89,
  "ownTweetsPercentage": 22.87917737789203,
  "retweets": 236,
  "retweetsPercentage": 60.66838046272493,
  "replies": 64,
  "repliesPercentage": 16.452442159383033,
  "retweeted": 65,
  "retweetedKpi": 0.73,
  "favorited": 224,
  "favoritedKpi": 2.52
}
