{
  "username": "anton_davydov",
  "tweets": 394,
  "ownTweets": 91,
  "ownTweetsPercentage": 23.096446700507613,
  "retweets": 239,
  "retweetsPercentage": 60.65989847715736,
  "replies": 64,
  "repliesPercentage": 16.243654822335024,
  "retweeted": 66,
  "retweetedKpi": 0.73,
  "favorited": 224,
  "favoritedKpi": 2.46
}
