{
  "username": "anton_sunrise",
  "tweets": 122,
  "ownTweets": 49,
  "ownTweetsPercentage": 40.16393442622951,
  "retweets": 21,
  "retweetsPercentage": 17.21311475409836,
  "replies": 52,
  "repliesPercentage": 42.622950819672134,
  "retweeted": 17,
  "retweetedKpi": 0.35,
  "favorited": 29,
  "favoritedKpi": 0.59
}
