{
  "username": "anton_sunrise",
  "tweets": 169,
  "ownTweets": 55,
  "ownTweetsPercentage": 32.544378698224854,
  "retweets": 46,
  "retweetsPercentage": 27.218934911242606,
  "replies": 68,
  "repliesPercentage": 40.23668639053255,
  "retweeted": 19,
  "retweetedKpi": 0.35,
  "favorited": 49,
  "favoritedKpi": 0.89
}
