{
  "username": "anton_sunrise",
  "tweets": 164,
  "ownTweets": 54,
  "ownTweetsPercentage": 32.926829268292686,
  "retweets": 44,
  "retweetsPercentage": 26.82926829268293,
  "replies": 66,
  "repliesPercentage": 40.243902439024396,
  "retweeted": 19,
  "retweetedKpi": 0.35,
  "favorited": 47,
  "favoritedKpi": 0.87
}
