{
  "username": "anton_sunrise",
  "tweets": 216,
  "ownTweets": 63,
  "ownTweetsPercentage": 29.166666666666664,
  "retweets": 76,
  "retweetsPercentage": 35.18518518518518,
  "replies": 77,
  "repliesPercentage": 35.648148148148145,
  "retweeted": 23,
  "retweetedKpi": 0.37,
  "favorited": 53,
  "favoritedKpi": 0.84
}
