{
  "username": "anton_davydov",
  "tweets": 248,
  "ownTweets": 53,
  "ownTweetsPercentage": 21.370967741935484,
  "retweets": 154,
  "retweetsPercentage": 62.096774193548384,
  "replies": 41,
  "repliesPercentage": 16.532258064516128,
  "retweeted": 20,
  "retweetedKpi": 0.38,
  "favorited": 57,
  "favoritedKpi": 1.08
}
