{
  "username": "axique",
  "tweets": 53,
  "ownTweets": 27,
  "ownTweetsPercentage": 50.94339622641509,
  "retweets": 6,
  "retweetsPercentage": 11.320754716981131,
  "replies": 20,
  "repliesPercentage": 37.73584905660377,
  "retweeted": 56,
  "retweetedKpi": 2.07,
  "favorited": 124,
  "favoritedKpi": 4.59
}
