{
  "username": "axique",
  "tweets": 122,
  "ownTweets": 65,
  "ownTweetsPercentage": 53.278688524590166,
  "retweets": 21,
  "retweetsPercentage": 17.21311475409836,
  "replies": 36,
  "repliesPercentage": 29.508196721311474,
  "retweeted": 92,
  "retweetedKpi": 1.42,
  "favorited": 236,
  "favoritedKpi": 3.63
}
