{
  "username": "axique",
  "tweets": 56,
  "ownTweets": 29,
  "ownTweetsPercentage": 51.78571428571428,
  "retweets": 6,
  "retweetsPercentage": 10.714285714285714,
  "replies": 21,
  "repliesPercentage": 37.49999999999999,
  "retweeted": 75,
  "retweetedKpi": 2.59,
  "favorited": 154,
  "favoritedKpi": 5.31
}
