{
  "username": "axique",
  "tweets": 113,
  "ownTweets": 58,
  "ownTweetsPercentage": 51.32743362831859,
  "retweets": 21,
  "retweetsPercentage": 18.58407079646018,
  "replies": 34,
  "repliesPercentage": 30.08849557522124,
  "retweeted": 90,
  "retweetedKpi": 1.55,
  "favorited": 234,
  "favoritedKpi": 4.03
}
