{
  "username": "axique",
  "tweets": 185,
  "ownTweets": 95,
  "ownTweetsPercentage": 51.35135135135135,
  "retweets": 29,
  "retweetsPercentage": 15.675675675675675,
  "replies": 61,
  "repliesPercentage": 32.97297297297297,
  "retweeted": 101,
  "retweetedKpi": 1.06,
  "favorited": 289,
  "favoritedKpi": 3.04
}
