{
  "username": "axique",
  "tweets": 54,
  "ownTweets": 28,
  "ownTweetsPercentage": 51.85185185185185,
  "retweets": 6,
  "retweetsPercentage": 11.11111111111111,
  "replies": 20,
  "repliesPercentage": 37.03703703703704,
  "retweeted": 58,
  "retweetedKpi": 2.07,
  "favorited": 130,
  "favoritedKpi": 4.64
}
