{
  "username": "axique",
  "tweets": 229,
  "ownTweets": 123,
  "ownTweetsPercentage": 53.711790393013096,
  "retweets": 37,
  "retweetsPercentage": 16.157205240174672,
  "replies": 69,
  "repliesPercentage": 30.131004366812228,
  "retweeted": 113,
  "retweetedKpi": 0.92,
  "favorited": 344,
  "favoritedKpi": 2.8
}
