{
  "username": "axique",
  "tweets": 154,
  "ownTweets": 85,
  "ownTweetsPercentage": 55.19480519480519,
  "retweets": 25,
  "retweetsPercentage": 16.233766233766232,
  "replies": 44,
  "repliesPercentage": 28.57142857142857,
  "retweeted": 96,
  "retweetedKpi": 1.13,
  "favorited": 281,
  "favoritedKpi": 3.31
}
