{
  "username": "axique",
  "tweets": 116,
  "ownTweets": 60,
  "ownTweetsPercentage": 51.724137931034484,
  "retweets": 21,
  "retweetsPercentage": 18.10344827586207,
  "replies": 35,
  "repliesPercentage": 30.172413793103452,
  "retweeted": 90,
  "retweetedKpi": 1.5,
  "favorited": 234,
  "favoritedKpi": 3.9
}
