{
  "username": "axique",
  "tweets": 165,
  "ownTweets": 86,
  "ownTweetsPercentage": 52.121212121212125,
  "retweets": 25,
  "retweetsPercentage": 15.151515151515152,
  "replies": 54,
  "repliesPercentage": 32.72727272727273,
  "retweeted": 97,
  "retweetedKpi": 1.13,
  "favorited": 284,
  "favoritedKpi": 3.3
}
