{
  "username": "axique",
  "tweets": 176,
  "ownTweets": 89,
  "ownTweetsPercentage": 50.56818181818182,
  "retweets": 27,
  "retweetsPercentage": 15.340909090909092,
  "replies": 60,
  "repliesPercentage": 34.09090909090909,
  "retweeted": 97,
  "retweetedKpi": 1.09,
  "favorited": 285,
  "favoritedKpi": 3.2
}
