{
  "username": "axique",
  "tweets": 220,
  "ownTweets": 116,
  "ownTweetsPercentage": 52.72727272727272,
  "retweets": 35,
  "retweetsPercentage": 15.909090909090908,
  "replies": 69,
  "repliesPercentage": 31.36363636363636,
  "retweeted": 113,
  "retweetedKpi": 0.97,
  "favorited": 339,
  "favoritedKpi": 2.92
}
