{
  "username": "axique",
  "tweets": 91,
  "ownTweets": 48,
  "ownTweetsPercentage": 52.747252747252745,
  "retweets": 12,
  "retweetsPercentage": 13.186813186813186,
  "replies": 31,
  "repliesPercentage": 34.065934065934066,
  "retweeted": 85,
  "retweetedKpi": 1.77,
  "favorited": 203,
  "favoritedKpi": 4.23
}
