{
  "username": "axique",
  "tweets": 258,
  "ownTweets": 138,
  "ownTweetsPercentage": 53.48837209302325,
  "retweets": 45,
  "retweetsPercentage": 17.441860465116278,
  "replies": 75,
  "repliesPercentage": 29.069767441860463,
  "retweeted": 115,
  "retweetedKpi": 0.83,
  "favorited": 362,
  "favoritedKpi": 2.62
}
