{
  "username": "axique",
  "tweets": 124,
  "ownTweets": 67,
  "ownTweetsPercentage": 54.03225806451613,
  "retweets": 21,
  "retweetsPercentage": 16.935483870967744,
  "replies": 36,
  "repliesPercentage": 29.032258064516128,
  "retweeted": 92,
  "retweetedKpi": 1.37,
  "favorited": 236,
  "favoritedKpi": 3.52
}
