{
  "username": "axique",
  "tweets": 90,
  "ownTweets": 47,
  "ownTweetsPercentage": 52.22222222222222,
  "retweets": 12,
  "retweetsPercentage": 13.333333333333332,
  "replies": 31,
  "repliesPercentage": 34.44444444444444,
  "retweeted": 85,
  "retweetedKpi": 1.81,
  "favorited": 203,
  "favoritedKpi": 4.32
}
