{
  "username": "axique",
  "tweets": 161,
  "ownTweets": 86,
  "ownTweetsPercentage": 53.41614906832298,
  "retweets": 25,
  "retweetsPercentage": 15.527950310559005,
  "replies": 50,
  "repliesPercentage": 31.05590062111801,
  "retweeted": 97,
  "retweetedKpi": 1.13,
  "favorited": 284,
  "favoritedKpi": 3.3
}
