{
  "username": "axique",
  "tweets": 55,
  "ownTweets": 29,
  "ownTweetsPercentage": 52.72727272727272,
  "retweets": 6,
  "retweetsPercentage": 10.909090909090908,
  "replies": 20,
  "repliesPercentage": 36.36363636363636,
  "retweeted": 75,
  "retweetedKpi": 2.59,
  "favorited": 154,
  "favoritedKpi": 5.31
}
