{
  "username": "axique",
  "tweets": 261,
  "ownTweets": 139,
  "ownTweetsPercentage": 53.25670498084291,
  "retweets": 47,
  "retweetsPercentage": 18.007662835249043,
  "replies": 75,
  "repliesPercentage": 28.73563218390805,
  "retweeted": 118,
  "retweetedKpi": 0.85,
  "favorited": 378,
  "favoritedKpi": 2.72
}
