{
  "username": "axique",
  "tweets": 127,
  "ownTweets": 70,
  "ownTweetsPercentage": 55.118110236220474,
  "retweets": 21,
  "retweetsPercentage": 16.53543307086614,
  "replies": 36,
  "repliesPercentage": 28.346456692913385,
  "retweeted": 92,
  "retweetedKpi": 1.31,
  "favorited": 236,
  "favoritedKpi": 3.37
}
