{
  "username": "axique",
  "tweets": 168,
  "ownTweets": 87,
  "ownTweetsPercentage": 51.785714285714285,
  "retweets": 25,
  "retweetsPercentage": 14.880952380952381,
  "replies": 56,
  "repliesPercentage": 33.333333333333336,
  "retweeted": 97,
  "retweetedKpi": 1.11,
  "favorited": 284,
  "favoritedKpi": 3.26
}
