{
  "username": "axique",
  "tweets": 172,
  "ownTweets": 87,
  "ownTweetsPercentage": 50.58139534883721,
  "retweets": 26,
  "retweetsPercentage": 15.116279069767442,
  "replies": 59,
  "repliesPercentage": 34.30232558139535,
  "retweeted": 97,
  "retweetedKpi": 1.11,
  "favorited": 284,
  "favoritedKpi": 3.26
}
