{
  "username": "axique",
  "tweets": 57,
  "ownTweets": 30,
  "ownTweetsPercentage": 52.631578947368425,
  "retweets": 6,
  "retweetsPercentage": 10.526315789473685,
  "replies": 21,
  "repliesPercentage": 36.8421052631579,
  "retweeted": 76,
  "retweetedKpi": 2.53,
  "favorited": 154,
  "favoritedKpi": 5.13
}
