{
  "username": "axique",
  "tweets": 186,
  "ownTweets": 95,
  "ownTweetsPercentage": 51.0752688172043,
  "retweets": 29,
  "retweetsPercentage": 15.591397849462364,
  "replies": 62,
  "repliesPercentage": 33.33333333333333,
  "retweeted": 101,
  "retweetedKpi": 1.06,
  "favorited": 288,
  "favoritedKpi": 3.03
}
