{
  "username": "axique",
  "tweets": 169,
  "ownTweets": 87,
  "ownTweetsPercentage": 51.4792899408284,
  "retweets": 25,
  "retweetsPercentage": 14.792899408284024,
  "replies": 57,
  "repliesPercentage": 33.72781065088758,
  "retweeted": 97,
  "retweetedKpi": 1.11,
  "favorited": 284,
  "favoritedKpi": 3.26
}
