{
  "username": "axique",
  "tweets": 171,
  "ownTweets": 87,
  "ownTweetsPercentage": 50.877192982456144,
  "retweets": 26,
  "retweetsPercentage": 15.2046783625731,
  "replies": 58,
  "repliesPercentage": 33.91812865497076,
  "retweeted": 97,
  "retweetedKpi": 1.11,
  "favorited": 284,
  "favoritedKpi": 3.26
}
