{
  "username": "axique",
  "tweets": 162,
  "ownTweets": 86,
  "ownTweetsPercentage": 53.08641975308642,
  "retweets": 25,
  "retweetsPercentage": 15.432098765432098,
  "replies": 51,
  "repliesPercentage": 31.48148148148148,
  "retweeted": 97,
  "retweetedKpi": 1.13,
  "favorited": 284,
  "favoritedKpi": 3.3
}
