{
  "username": "axique",
  "tweets": 226,
  "ownTweets": 121,
  "ownTweetsPercentage": 53.53982300884956,
  "retweets": 36,
  "retweetsPercentage": 15.92920353982301,
  "replies": 69,
  "repliesPercentage": 30.530973451327437,
  "retweeted": 113,
  "retweetedKpi": 0.93,
  "favorited": 344,
  "favoritedKpi": 2.84
}
