{
  "username": "axique",
  "tweets": 233,
  "ownTweets": 126,
  "ownTweetsPercentage": 54.07725321888412,
  "retweets": 38,
  "retweetsPercentage": 16.30901287553648,
  "replies": 69,
  "repliesPercentage": 29.613733905579398,
  "retweeted": 113,
  "retweetedKpi": 0.9,
  "favorited": 348,
  "favoritedKpi": 2.76
}
