{
  "username": "axique",
  "tweets": 110,
  "ownTweets": 56,
  "ownTweetsPercentage": 50.90909090909091,
  "retweets": 21,
  "retweetsPercentage": 19.09090909090909,
  "replies": 33,
  "repliesPercentage": 29.999999999999996,
  "retweeted": 90,
  "retweetedKpi": 1.61,
  "favorited": 234,
  "favoritedKpi": 4.18
}
