{
  "username": "axique",
  "tweets": 158,
  "ownTweets": 85,
  "ownTweetsPercentage": 53.79746835443038,
  "retweets": 25,
  "retweetsPercentage": 15.822784810126581,
  "replies": 48,
  "repliesPercentage": 30.379746835443036,
  "retweeted": 97,
  "retweetedKpi": 1.14,
  "favorited": 282,
  "favoritedKpi": 3.32
}
