{
  "username": "axique",
  "tweets": 235,
  "ownTweets": 127,
  "ownTweetsPercentage": 54.04255319148936,
  "retweets": 39,
  "retweetsPercentage": 16.595744680851062,
  "replies": 69,
  "repliesPercentage": 29.361702127659573,
  "retweeted": 113,
  "retweetedKpi": 0.89,
  "favorited": 348,
  "favoritedKpi": 2.74
}
