{
  "username": "axique",
  "tweets": 118,
  "ownTweets": 62,
  "ownTweetsPercentage": 52.54237288135594,
  "retweets": 21,
  "retweetsPercentage": 17.796610169491526,
  "replies": 35,
  "repliesPercentage": 29.661016949152543,
  "retweeted": 90,
  "retweetedKpi": 1.45,
  "favorited": 235,
  "favoritedKpi": 3.79
}
