{
  "username": "axique",
  "tweets": 109,
  "ownTweets": 56,
  "ownTweetsPercentage": 51.37614678899082,
  "retweets": 21,
  "retweetsPercentage": 19.266055045871557,
  "replies": 32,
  "repliesPercentage": 29.357798165137613,
  "retweeted": 90,
  "retweetedKpi": 1.61,
  "favorited": 234,
  "favoritedKpi": 4.18
}
