{
  "username": "axique",
  "tweets": 289,
  "ownTweets": 156,
  "ownTweetsPercentage": 53.97923875432526,
  "retweets": 58,
  "retweetsPercentage": 20.069204152249135,
  "replies": 75,
  "repliesPercentage": 25.951557093425606,
  "retweeted": 130,
  "retweetedKpi": 0.83,
  "favorited": 419,
  "favoritedKpi": 2.69
}
