{
  "username": "axique",
  "tweets": 228,
  "ownTweets": 122,
  "ownTweetsPercentage": 53.50877192982457,
  "retweets": 37,
  "retweetsPercentage": 16.2280701754386,
  "replies": 69,
  "repliesPercentage": 30.263157894736846,
  "retweeted": 113,
  "retweetedKpi": 0.93,
  "favorited": 344,
  "favoritedKpi": 2.82
}
