{
  "username": "axique",
  "tweets": 166,
  "ownTweets": 87,
  "ownTweetsPercentage": 52.40963855421687,
  "retweets": 25,
  "retweetsPercentage": 15.060240963855422,
  "replies": 54,
  "repliesPercentage": 32.53012048192771,
  "retweeted": 97,
  "retweetedKpi": 1.11,
  "favorited": 284,
  "favoritedKpi": 3.26
}
