{
  "username": "axique",
  "tweets": 164,
  "ownTweets": 86,
  "ownTweetsPercentage": 52.43902439024391,
  "retweets": 25,
  "retweetsPercentage": 15.24390243902439,
  "replies": 53,
  "repliesPercentage": 32.31707317073171,
  "retweeted": 97,
  "retweetedKpi": 1.13,
  "favorited": 284,
  "favoritedKpi": 3.3
}
