{
  "username": "axique",
  "tweets": 51,
  "ownTweets": 27,
  "ownTweetsPercentage": 52.94117647058823,
  "retweets": 6,
  "retweetsPercentage": 11.76470588235294,
  "replies": 18,
  "repliesPercentage": 35.294117647058826,
  "retweeted": 55,
  "retweetedKpi": 2.04,
  "favorited": 121,
  "favoritedKpi": 4.48
}
