{
  "username": "axique",
  "tweets": 285,
  "ownTweets": 155,
  "ownTweetsPercentage": 54.3859649122807,
  "retweets": 55,
  "retweetsPercentage": 19.298245614035086,
  "replies": 75,
  "repliesPercentage": 26.31578947368421,
  "retweeted": 129,
  "retweetedKpi": 0.83,
  "favorited": 396,
  "favoritedKpi": 2.55
}
