{
  "username": "axique",
  "tweets": 89,
  "ownTweets": 46,
  "ownTweetsPercentage": 51.68539325842696,
  "retweets": 12,
  "retweetsPercentage": 13.48314606741573,
  "replies": 31,
  "repliesPercentage": 34.831460674157306,
  "retweeted": 84,
  "retweetedKpi": 1.83,
  "favorited": 200,
  "favoritedKpi": 4.35
}
