{
  "username": "axique",
  "tweets": 133,
  "ownTweets": 71,
  "ownTweetsPercentage": 53.38345864661654,
  "retweets": 24,
  "retweetsPercentage": 18.045112781954888,
  "replies": 38,
  "repliesPercentage": 28.57142857142857,
  "retweeted": 92,
  "retweetedKpi": 1.3,
  "favorited": 240,
  "favoritedKpi": 3.38
}
