{
  "username": "axique",
  "tweets": 90,
  "ownTweets": 47,
  "ownTweetsPercentage": 52.22222222222222,
  "retweets": 12,
  "retweetsPercentage": 13.333333333333332,
  "replies": 31,
  "repliesPercentage": 34.44444444444444,
  "retweeted": 84,
  "retweetedKpi": 1.79,
  "favorited": 202,
  "favoritedKpi": 4.3
}
