{
  "username": "axique",
  "tweets": 236,
  "ownTweets": 127,
  "ownTweetsPercentage": 53.8135593220339,
  "retweets": 40,
  "retweetsPercentage": 16.949152542372882,
  "replies": 69,
  "repliesPercentage": 29.23728813559322,
  "retweeted": 113,
  "retweetedKpi": 0.89,
  "favorited": 348,
  "favoritedKpi": 2.74
}
