{
  "username": "axique",
  "tweets": 58,
  "ownTweets": 31,
  "ownTweetsPercentage": 53.44827586206897,
  "retweets": 6,
  "retweetsPercentage": 10.344827586206897,
  "replies": 21,
  "repliesPercentage": 36.20689655172414,
  "retweeted": 76,
  "retweetedKpi": 2.45,
  "favorited": 155,
  "favoritedKpi": 5
}
