{
  "username": "axique",
  "tweets": 121,
  "ownTweets": 64,
  "ownTweetsPercentage": 52.892561983471076,
  "retweets": 21,
  "retweetsPercentage": 17.355371900826448,
  "replies": 36,
  "repliesPercentage": 29.75206611570248,
  "retweeted": 91,
  "retweetedKpi": 1.42,
  "favorited": 236,
  "favoritedKpi": 3.69
}
