{
  "username": "axique",
  "tweets": 92,
  "ownTweets": 48,
  "ownTweetsPercentage": 52.17391304347826,
  "retweets": 13,
  "retweetsPercentage": 14.130434782608695,
  "replies": 31,
  "repliesPercentage": 33.69565217391304,
  "retweeted": 86,
  "retweetedKpi": 1.79,
  "favorited": 206,
  "favoritedKpi": 4.29
}
