{
  "username": "axique",
  "tweets": 230,
  "ownTweets": 124,
  "ownTweetsPercentage": 53.913043478260875,
  "retweets": 37,
  "retweetsPercentage": 16.086956521739133,
  "replies": 69,
  "repliesPercentage": 30.000000000000004,
  "retweeted": 113,
  "retweetedKpi": 0.91,
  "favorited": 348,
  "favoritedKpi": 2.81
}
