{
  "username": "axique",
  "tweets": 112,
  "ownTweets": 57,
  "ownTweetsPercentage": 50.89285714285714,
  "retweets": 21,
  "retweetsPercentage": 18.749999999999996,
  "replies": 34,
  "repliesPercentage": 30.357142857142854,
  "retweeted": 90,
  "retweetedKpi": 1.58,
  "favorited": 234,
  "favoritedKpi": 4.11
}
