{
  "username": "axique",
  "tweets": 107,
  "ownTweets": 55,
  "ownTweetsPercentage": 51.401869158878505,
  "retweets": 21,
  "retweetsPercentage": 19.626168224299064,
  "replies": 31,
  "repliesPercentage": 28.971962616822427,
  "retweeted": 90,
  "retweetedKpi": 1.64,
  "favorited": 234,
  "favoritedKpi": 4.25
}
