{
  "username": "axique",
  "tweets": 151,
  "ownTweets": 84,
  "ownTweetsPercentage": 55.62913907284768,
  "retweets": 25,
  "retweetsPercentage": 16.556291390728475,
  "replies": 42,
  "repliesPercentage": 27.81456953642384,
  "retweeted": 96,
  "retweetedKpi": 1.14,
  "favorited": 281,
  "favoritedKpi": 3.35
}
