{
  "username": "axique",
  "tweets": 117,
  "ownTweets": 61,
  "ownTweetsPercentage": 52.13675213675214,
  "retweets": 21,
  "retweetsPercentage": 17.94871794871795,
  "replies": 35,
  "repliesPercentage": 29.914529914529915,
  "retweeted": 90,
  "retweetedKpi": 1.48,
  "favorited": 234,
  "favoritedKpi": 3.84
}
