{
  "username": "axique",
  "tweets": 111,
  "ownTweets": 57,
  "ownTweetsPercentage": 51.35135135135135,
  "retweets": 21,
  "retweetsPercentage": 18.918918918918916,
  "replies": 33,
  "repliesPercentage": 29.729729729729726,
  "retweeted": 90,
  "retweetedKpi": 1.58,
  "favorited": 234,
  "favoritedKpi": 4.11
}
