{
  "username": "axique",
  "tweets": 119,
  "ownTweets": 63,
  "ownTweetsPercentage": 52.94117647058824,
  "retweets": 21,
  "retweetsPercentage": 17.647058823529413,
  "replies": 35,
  "repliesPercentage": 29.411764705882355,
  "retweeted": 90,
  "retweetedKpi": 1.43,
  "favorited": 236,
  "favoritedKpi": 3.75
}
