{
  "username": "axique",
  "tweets": 174,
  "ownTweets": 88,
  "ownTweetsPercentage": 50.57471264367816,
  "retweets": 26,
  "retweetsPercentage": 14.942528735632184,
  "replies": 60,
  "repliesPercentage": 34.48275862068966,
  "retweeted": 97,
  "retweetedKpi": 1.1,
  "favorited": 284,
  "favoritedKpi": 3.23
}
