{
  "username": "axique",
  "tweets": 163,
  "ownTweets": 86,
  "ownTweetsPercentage": 52.76073619631902,
  "retweets": 25,
  "retweetsPercentage": 15.337423312883436,
  "replies": 52,
  "repliesPercentage": 31.901840490797547,
  "retweeted": 97,
  "retweetedKpi": 1.13,
  "favorited": 284,
  "favoritedKpi": 3.3
}
