{
  "username": "axique",
  "tweets": 286,
  "ownTweets": 155,
  "ownTweetsPercentage": 54.1958041958042,
  "retweets": 56,
  "retweetsPercentage": 19.58041958041958,
  "replies": 75,
  "repliesPercentage": 26.223776223776223,
  "retweeted": 129,
  "retweetedKpi": 0.83,
  "favorited": 396,
  "favoritedKpi": 2.55
}
