{
  "username": "axique",
  "tweets": 227,
  "ownTweets": 122,
  "ownTweetsPercentage": 53.74449339207048,
  "retweets": 36,
  "retweetsPercentage": 15.859030837004406,
  "replies": 69,
  "repliesPercentage": 30.39647577092511,
  "retweeted": 113,
  "retweetedKpi": 0.93,
  "favorited": 344,
  "favoritedKpi": 2.82
}
