{
  "username": "axique",
  "tweets": 108,
  "ownTweets": 56,
  "ownTweetsPercentage": 51.85185185185185,
  "retweets": 21,
  "retweetsPercentage": 19.444444444444443,
  "replies": 31,
  "repliesPercentage": 28.703703703703702,
  "retweeted": 90,
  "retweetedKpi": 1.61,
  "favorited": 234,
  "favoritedKpi": 4.18
}
