{
  "username": "axique",
  "tweets": 126,
  "ownTweets": 69,
  "ownTweetsPercentage": 54.76190476190476,
  "retweets": 21,
  "retweetsPercentage": 16.666666666666668,
  "replies": 36,
  "repliesPercentage": 28.571428571428573,
  "retweeted": 92,
  "retweetedKpi": 1.33,
  "favorited": 236,
  "favoritedKpi": 3.42
}
