{
  "username": "axique",
  "tweets": 173,
  "ownTweets": 87,
  "ownTweetsPercentage": 50.28901734104046,
  "retweets": 26,
  "retweetsPercentage": 15.028901734104046,
  "replies": 60,
  "repliesPercentage": 34.68208092485549,
  "retweeted": 97,
  "retweetedKpi": 1.11,
  "favorited": 284,
  "favoritedKpi": 3.26
}
