{
  "username": "axique",
  "tweets": 115,
  "ownTweets": 59,
  "ownTweetsPercentage": 51.30434782608696,
  "retweets": 21,
  "retweetsPercentage": 18.260869565217394,
  "replies": 35,
  "repliesPercentage": 30.434782608695656,
  "retweeted": 90,
  "retweetedKpi": 1.53,
  "favorited": 234,
  "favoritedKpi": 3.97
}
