{
  "username": "axique",
  "tweets": 156,
  "ownTweets": 85,
  "ownTweetsPercentage": 54.48717948717948,
  "retweets": 25,
  "retweetsPercentage": 16.025641025641026,
  "replies": 46,
  "repliesPercentage": 29.487179487179485,
  "retweeted": 97,
  "retweetedKpi": 1.14,
  "favorited": 282,
  "favoritedKpi": 3.32
}
