{
  "username": "axique",
  "tweets": 52,
  "ownTweets": 27,
  "ownTweetsPercentage": 51.92307692307692,
  "retweets": 6,
  "retweetsPercentage": 11.538461538461538,
  "replies": 19,
  "repliesPercentage": 36.53846153846154,
  "retweeted": 56,
  "retweetedKpi": 2.07,
  "favorited": 124,
  "favoritedKpi": 4.59
}
