{
  "username": "axique",
  "tweets": 153,
  "ownTweets": 85,
  "ownTweetsPercentage": 55.55555555555556,
  "retweets": 25,
  "retweetsPercentage": 16.33986928104575,
  "replies": 43,
  "repliesPercentage": 28.104575163398692,
  "retweeted": 96,
  "retweetedKpi": 1.13,
  "favorited": 281,
  "favoritedKpi": 3.31
}
