{
  "username": "axique",
  "tweets": 49,
  "ownTweets": 25,
  "ownTweetsPercentage": 51.02040816326531,
  "retweets": 6,
  "retweetsPercentage": 12.244897959183673,
  "replies": 18,
  "repliesPercentage": 36.734693877551024,
  "retweeted": 52,
  "retweetedKpi": 2.08,
  "favorited": 116,
  "favoritedKpi": 4.64
}
