{
  "username": "backendsecret",
  "tweets": 103,
  "ownTweets": 79,
  "ownTweetsPercentage": 76.69902912621359,
  "retweets": 12,
  "retweetsPercentage": 11.650485436893204,
  "replies": 12,
  "repliesPercentage": 11.650485436893204,
  "retweeted": 39,
  "retweetedKpi": 0.49,
  "favorited": 45,
  "favoritedKpi": 0.57
}
