{
  "username": "backendsecret",
  "tweets": 99,
  "ownTweets": 75,
  "ownTweetsPercentage": 75.75757575757576,
  "retweets": 12,
  "retweetsPercentage": 12.121212121212121,
  "replies": 12,
  "repliesPercentage": 12.121212121212121,
  "retweeted": 27,
  "retweetedKpi": 0.36,
  "favorited": 35,
  "favoritedKpi": 0.47
}
