{
  "username": "backendsecret",
  "tweets": 124,
  "ownTweets": 91,
  "ownTweetsPercentage": 73.38709677419355,
  "retweets": 18,
  "retweetsPercentage": 14.516129032258064,
  "replies": 15,
  "repliesPercentage": 12.096774193548388,
  "retweeted": 59,
  "retweetedKpi": 0.65,
  "favorited": 64,
  "favoritedKpi": 0.7
}
