{
  "username": "backendsecret",
  "tweets": 97,
  "ownTweets": 73,
  "ownTweetsPercentage": 75.25773195876289,
  "retweets": 12,
  "retweetsPercentage": 12.371134020618557,
  "replies": 12,
  "repliesPercentage": 12.371134020618557,
  "retweeted": 27,
  "retweetedKpi": 0.37,
  "favorited": 35,
  "favoritedKpi": 0.48
}
