{
  "username": "backendsecret",
  "tweets": 106,
  "ownTweets": 79,
  "ownTweetsPercentage": 74.52830188679245,
  "retweets": 14,
  "retweetsPercentage": 13.20754716981132,
  "replies": 13,
  "repliesPercentage": 12.264150943396226,
  "retweeted": 39,
  "retweetedKpi": 0.49,
  "favorited": 45,
  "favoritedKpi": 0.57
}
