{
  "username": "backendsecret",
  "tweets": 184,
  "ownTweets": 129,
  "ownTweetsPercentage": 70.1086956521739,
  "retweets": 35,
  "retweetsPercentage": 19.02173913043478,
  "replies": 20,
  "repliesPercentage": 10.869565217391305,
  "retweeted": 71,
  "retweetedKpi": 0.55,
  "favorited": 101,
  "favoritedKpi": 0.78
}
