{
  "username": "backendsecret",
  "tweets": 103,
  "ownTweets": 79,
  "ownTweetsPercentage": 76.69902912621359,
  "retweets": 12,
  "retweetsPercentage": 11.650485436893204,
  "replies": 12,
  "repliesPercentage": 11.650485436893204,
  "retweeted": 32,
  "retweetedKpi": 0.41,
  "favorited": 41,
  "favoritedKpi": 0.52
}
