{
  "username": "backendsecret",
  "tweets": 98,
  "ownTweets": 74,
  "ownTweetsPercentage": 75.51020408163265,
  "retweets": 12,
  "retweetsPercentage": 12.244897959183673,
  "replies": 12,
  "repliesPercentage": 12.244897959183673,
  "retweeted": 27,
  "retweetedKpi": 0.36,
  "favorited": 35,
  "favoritedKpi": 0.47
}
