{
  "username": "backendsecret",
  "tweets": 101,
  "ownTweets": 77,
  "ownTweetsPercentage": 76.23762376237623,
  "retweets": 12,
  "retweetsPercentage": 11.881188118811881,
  "replies": 12,
  "repliesPercentage": 11.881188118811881,
  "retweeted": 28,
  "retweetedKpi": 0.36,
  "favorited": 38,
  "favoritedKpi": 0.49
}
