{
  "username": "backendsecret",
  "tweets": 126,
  "ownTweets": 93,
  "ownTweetsPercentage": 73.80952380952381,
  "retweets": 18,
  "retweetsPercentage": 14.285714285714286,
  "replies": 15,
  "repliesPercentage": 11.904761904761905,
  "retweeted": 59,
  "retweetedKpi": 0.63,
  "favorited": 65,
  "favoritedKpi": 0.7
}
