{
  "username": "Blohin",
  "tweets": 71,
  "ownTweets": 33,
  "ownTweetsPercentage": 46.47887323943662,
  "retweets": 10,
  "retweetsPercentage": 14.084507042253522,
  "replies": 28,
  "repliesPercentage": 39.43661971830986,
  "retweeted": 7,
  "retweetedKpi": 0.21,
  "favorited": 28,
  "favoritedKpi": 0.85
}
