{
  "username": "Blohin",
  "tweets": 165,
  "ownTweets": 65,
  "ownTweetsPercentage": 39.3939393939394,
  "retweets": 64,
  "retweetsPercentage": 38.78787878787879,
  "replies": 36,
  "repliesPercentage": 21.81818181818182,
  "retweeted": 19,
  "retweetedKpi": 0.29,
  "favorited": 191,
  "favoritedKpi": 2.94
}
