{
  "username": "Blohin",
  "tweets": 197,
  "ownTweets": 78,
  "ownTweetsPercentage": 39.59390862944162,
  "retweets": 81,
  "retweetsPercentage": 41.11675126903553,
  "replies": 38,
  "repliesPercentage": 19.289340101522843,
  "retweeted": 33,
  "retweetedKpi": 0.42,
  "favorited": 252,
  "favoritedKpi": 3.23
}
