{
  "username": "Blohin",
  "tweets": 227,
  "ownTweets": 87,
  "ownTweetsPercentage": 38.32599118942731,
  "retweets": 99,
  "retweetsPercentage": 43.61233480176212,
  "replies": 41,
  "repliesPercentage": 18.061674008810574,
  "retweeted": 35,
  "retweetedKpi": 0.4,
  "favorited": 283,
  "favoritedKpi": 3.25
}
