{
  "username": "Blohin",
  "tweets": 166,
  "ownTweets": 66,
  "ownTweetsPercentage": 39.75903614457832,
  "retweets": 64,
  "retweetsPercentage": 38.55421686746988,
  "replies": 36,
  "repliesPercentage": 21.686746987951807,
  "retweeted": 20,
  "retweetedKpi": 0.3,
  "favorited": 197,
  "favoritedKpi": 2.98
}
