{
  "username": "Blohin",
  "tweets": 179,
  "ownTweets": 72,
  "ownTweetsPercentage": 40.22346368715084,
  "retweets": 71,
  "retweetsPercentage": 39.66480446927374,
  "replies": 36,
  "repliesPercentage": 20.11173184357542,
  "retweeted": 22,
  "retweetedKpi": 0.31,
  "favorited": 214,
  "favoritedKpi": 2.97
}
