{
  "username": "Blohin",
  "tweets": 146,
  "ownTweets": 55,
  "ownTweetsPercentage": 37.67123287671233,
  "retweets": 58,
  "retweetsPercentage": 39.726027397260275,
  "replies": 33,
  "repliesPercentage": 22.602739726027398,
  "retweeted": 14,
  "retweetedKpi": 0.25,
  "favorited": 158,
  "favoritedKpi": 2.87
}
