{
  "username": "Blohin",
  "tweets": 90,
  "ownTweets": 46,
  "ownTweetsPercentage": 51.11111111111111,
  "retweets": 13,
  "retweetsPercentage": 14.444444444444445,
  "replies": 31,
  "repliesPercentage": 34.44444444444444,
  "retweeted": 11,
  "retweetedKpi": 0.24,
  "favorited": 82,
  "favoritedKpi": 1.78
}
