{
  "username": "Blohin",
  "tweets": 78,
  "ownTweets": 36,
  "ownTweetsPercentage": 46.15384615384615,
  "retweets": 13,
  "retweetsPercentage": 16.666666666666668,
  "replies": 29,
  "repliesPercentage": 37.179487179487175,
  "retweeted": 8,
  "retweetedKpi": 0.22,
  "favorited": 50,
  "favoritedKpi": 1.39
}
