{
  "username": "borovikov",
  "tweets": 175,
  "ownTweets": 87,
  "ownTweetsPercentage": 49.714285714285715,
  "retweets": 9,
  "retweetsPercentage": 5.142857142857143,
  "replies": 79,
  "repliesPercentage": 45.142857142857146,
  "retweeted": 15,
  "retweetedKpi": 0.17,
  "favorited": 71,
  "favoritedKpi": 0.82
}
