{
  "username": "borovikov",
  "tweets": 201,
  "ownTweets": 104,
  "ownTweetsPercentage": 51.74129353233831,
  "retweets": 11,
  "retweetsPercentage": 5.472636815920398,
  "replies": 86,
  "repliesPercentage": 42.7860696517413,
  "retweeted": 24,
  "retweetedKpi": 0.23,
  "favorited": 89,
  "favoritedKpi": 0.86
}
