{
  "username": "borovikov",
  "tweets": 251,
  "ownTweets": 123,
  "ownTweetsPercentage": 49.00398406374502,
  "retweets": 19,
  "retweetsPercentage": 7.569721115537849,
  "replies": 109,
  "repliesPercentage": 43.42629482071713,
  "retweeted": 33,
  "retweetedKpi": 0.27,
  "favorited": 114,
  "favoritedKpi": 0.93
}
