{
  "username": "borovikov",
  "tweets": 223,
  "ownTweets": 111,
  "ownTweetsPercentage": 49.775784753363226,
  "retweets": 14,
  "retweetsPercentage": 6.278026905829597,
  "replies": 98,
  "repliesPercentage": 43.946188340807176,
  "retweeted": 24,
  "retweetedKpi": 0.22,
  "favorited": 94,
  "favoritedKpi": 0.85
}
