{
  "username": "borovikov",
  "tweets": 192,
  "ownTweets": 98,
  "ownTweetsPercentage": 51.04166666666667,
  "retweets": 11,
  "retweetsPercentage": 5.729166666666667,
  "replies": 83,
  "repliesPercentage": 43.22916666666667,
  "retweeted": 17,
  "retweetedKpi": 0.17,
  "favorited": 75,
  "favoritedKpi": 0.77
}
