{
  "username": "borovikov",
  "tweets": 145,
  "ownTweets": 69,
  "ownTweetsPercentage": 47.58620689655172,
  "retweets": 8,
  "retweetsPercentage": 5.517241379310345,
  "replies": 68,
  "repliesPercentage": 46.896551724137936,
  "retweeted": 13,
  "retweetedKpi": 0.19,
  "favorited": 59,
  "favoritedKpi": 0.86
}
