{
  "username": "borovikov",
  "tweets": 233,
  "ownTweets": 114,
  "ownTweetsPercentage": 48.92703862660944,
  "retweets": 16,
  "retweetsPercentage": 6.866952789699571,
  "replies": 103,
  "repliesPercentage": 44.20600858369099,
  "retweeted": 25,
  "retweetedKpi": 0.22,
  "favorited": 95,
  "favoritedKpi": 0.83
}
