{
  "username": "borovikov",
  "tweets": 271,
  "ownTweets": 140,
  "ownTweetsPercentage": 51.66051660516605,
  "retweets": 19,
  "retweetsPercentage": 7.011070110701107,
  "replies": 112,
  "repliesPercentage": 41.32841328413284,
  "retweeted": 38,
  "retweetedKpi": 0.27,
  "favorited": 120,
  "favoritedKpi": 0.86
}
