{
  "username": "borovikov",
  "tweets": 281,
  "ownTweets": 141,
  "ownTweetsPercentage": 50.1779359430605,
  "retweets": 23,
  "retweetsPercentage": 8.185053380782918,
  "replies": 117,
  "repliesPercentage": 41.637010676156585,
  "retweeted": 43,
  "retweetedKpi": 0.3,
  "favorited": 133,
  "favoritedKpi": 0.94
}
