{
  "username": "borovikov",
  "tweets": 232,
  "ownTweets": 114,
  "ownTweetsPercentage": 49.13793103448276,
  "retweets": 15,
  "retweetsPercentage": 6.4655172413793105,
  "replies": 103,
  "repliesPercentage": 44.396551724137936,
  "retweeted": 24,
  "retweetedKpi": 0.21,
  "favorited": 95,
  "favoritedKpi": 0.83
}
