{
  "username": "ctrlok",
  "tweets": 301,
  "ownTweets": 197,
  "ownTweetsPercentage": 65.44850498338872,
  "retweets": 52,
  "retweetsPercentage": 17.27574750830565,
  "replies": 52,
  "repliesPercentage": 17.27574750830565,
  "retweeted": 74,
  "retweetedKpi": 0.38,
  "favorited": 196,
  "favoritedKpi": 0.99
}
