{
  "username": "ctrlok",
  "tweets": 532,
  "ownTweets": 356,
  "ownTweetsPercentage": 66.9172932330827,
  "retweets": 82,
  "retweetsPercentage": 15.413533834586465,
  "replies": 94,
  "repliesPercentage": 17.669172932330827,
  "retweeted": 123,
  "retweetedKpi": 0.35,
  "favorited": 321,
  "favoritedKpi": 0.9
}
