{
  "username": "ctrlok",
  "tweets": 398,
  "ownTweets": 258,
  "ownTweetsPercentage": 64.82412060301507,
  "retweets": 58,
  "retweetsPercentage": 14.57286432160804,
  "replies": 82,
  "repliesPercentage": 20.603015075376884,
  "retweeted": 101,
  "retweetedKpi": 0.39,
  "favorited": 246,
  "favoritedKpi": 0.95
}
