{
  "username": "ctrlok",
  "tweets": 444,
  "ownTweets": 291,
  "ownTweetsPercentage": 65.54054054054053,
  "retweets": 66,
  "retweetsPercentage": 14.864864864864863,
  "replies": 87,
  "repliesPercentage": 19.594594594594593,
  "retweeted": 113,
  "retweetedKpi": 0.39,
  "favorited": 277,
  "favoritedKpi": 0.95
}
