{
  "username": "ctrlok",
  "tweets": 153,
  "ownTweets": 87,
  "ownTweetsPercentage": 56.86274509803921,
  "retweets": 40,
  "retweetsPercentage": 26.143790849673202,
  "replies": 26,
  "repliesPercentage": 16.99346405228758,
  "retweeted": 38,
  "retweetedKpi": 0.44,
  "favorited": 61,
  "favoritedKpi": 0.7
}
