{
  "username": "ctrlok",
  "tweets": 473,
  "ownTweets": 314,
  "ownTweetsPercentage": 66.38477801268499,
  "retweets": 71,
  "retweetsPercentage": 15.010570824524311,
  "replies": 88,
  "repliesPercentage": 18.604651162790695,
  "retweeted": 115,
  "retweetedKpi": 0.37,
  "favorited": 289,
  "favoritedKpi": 0.92
}
