{
  "username": "ctrlok",
  "tweets": 286,
  "ownTweets": 186,
  "ownTweetsPercentage": 65.03496503496504,
  "retweets": 51,
  "retweetsPercentage": 17.832167832167833,
  "replies": 49,
  "repliesPercentage": 17.132867132867133,
  "retweeted": 72,
  "retweetedKpi": 0.39,
  "favorited": 182,
  "favoritedKpi": 0.98
}
