{
  "username": "ctrlok",
  "tweets": 433,
  "ownTweets": 287,
  "ownTweetsPercentage": 66.28175519630484,
  "retweets": 60,
  "retweetsPercentage": 13.856812933025404,
  "replies": 86,
  "repliesPercentage": 19.861431870669744,
  "retweeted": 108,
  "retweetedKpi": 0.38,
  "favorited": 266,
  "favoritedKpi": 0.93
}
