{
  "username": "ctrlok",
  "tweets": 568,
  "ownTweets": 374,
  "ownTweetsPercentage": 65.84507042253522,
  "retweets": 89,
  "retweetsPercentage": 15.669014084507044,
  "replies": 105,
  "repliesPercentage": 18.485915492957748,
  "retweeted": 133,
  "retweetedKpi": 0.36,
  "favorited": 359,
  "favoritedKpi": 0.96
}
