{
  "username": "ctrlok",
  "tweets": 564,
  "ownTweets": 373,
  "ownTweetsPercentage": 66.13475177304964,
  "retweets": 86,
  "retweetsPercentage": 15.24822695035461,
  "replies": 105,
  "repliesPercentage": 18.617021276595747,
  "retweeted": 133,
  "retweetedKpi": 0.36,
  "favorited": 356,
  "favoritedKpi": 0.95
}
