{
  "username": "ctrlok",
  "tweets": 393,
  "ownTweets": 256,
  "ownTweetsPercentage": 65.13994910941476,
  "retweets": 57,
  "retweetsPercentage": 14.50381679389313,
  "replies": 80,
  "repliesPercentage": 20.356234096692113,
  "retweeted": 96,
  "retweetedKpi": 0.38,
  "favorited": 241,
  "favoritedKpi": 0.94
}
