{
  "username": "ctrlok",
  "tweets": 542,
  "ownTweets": 359,
  "ownTweetsPercentage": 66.23616236162361,
  "retweets": 82,
  "retweetsPercentage": 15.129151291512915,
  "replies": 101,
  "repliesPercentage": 18.634686346863468,
  "retweeted": 126,
  "retweetedKpi": 0.35,
  "favorited": 330,
  "favoritedKpi": 0.92
}
