{
  "username": "ctrlok",
  "tweets": 338,
  "ownTweets": 217,
  "ownTweetsPercentage": 64.20118343195267,
  "retweets": 52,
  "retweetsPercentage": 15.384615384615385,
  "replies": 69,
  "repliesPercentage": 20.414201183431953,
  "retweeted": 78,
  "retweetedKpi": 0.36,
  "favorited": 238,
  "favoritedKpi": 1.1
}
