{
  "username": "ctrlok",
  "tweets": 556,
  "ownTweets": 367,
  "ownTweetsPercentage": 66.00719424460432,
  "retweets": 86,
  "retweetsPercentage": 15.467625899280577,
  "replies": 103,
  "repliesPercentage": 18.52517985611511,
  "retweeted": 132,
  "retweetedKpi": 0.36,
  "favorited": 351,
  "favoritedKpi": 0.96
}
