{
  "username": "ctrlok",
  "tweets": 117,
  "ownTweets": 64,
  "ownTweetsPercentage": 54.700854700854705,
  "retweets": 33,
  "retweetsPercentage": 28.205128205128208,
  "replies": 20,
  "repliesPercentage": 17.094017094017094,
  "retweeted": 19,
  "retweetedKpi": 0.3,
  "favorited": 45,
  "favoritedKpi": 0.7
}
