{
  "username": "ctrlok",
  "tweets": 144,
  "ownTweets": 80,
  "ownTweetsPercentage": 55.55555555555556,
  "retweets": 39,
  "retweetsPercentage": 27.083333333333336,
  "replies": 25,
  "repliesPercentage": 17.36111111111111,
  "retweeted": 29,
  "retweetedKpi": 0.36,
  "favorited": 58,
  "favoritedKpi": 0.72
}
