{
  "username": "ctrlok",
  "tweets": 184,
  "ownTweets": 110,
  "ownTweetsPercentage": 59.78260869565217,
  "retweets": 42,
  "retweetsPercentage": 22.82608695652174,
  "replies": 32,
  "repliesPercentage": 17.391304347826086,
  "retweeted": 46,
  "retweetedKpi": 0.42,
  "favorited": 108,
  "favoritedKpi": 0.98
}
