{
  "username": "ctrlok",
  "tweets": 389,
  "ownTweets": 252,
  "ownTweetsPercentage": 64.78149100257069,
  "retweets": 57,
  "retweetsPercentage": 14.652956298200513,
  "replies": 80,
  "repliesPercentage": 20.565552699228792,
  "retweeted": 95,
  "retweetedKpi": 0.38,
  "favorited": 241,
  "favoritedKpi": 0.96
}
