{
  "username": "ctrlok",
  "tweets": 483,
  "ownTweets": 322,
  "ownTweetsPercentage": 66.66666666666667,
  "retweets": 71,
  "retweetsPercentage": 14.699792960662526,
  "replies": 90,
  "repliesPercentage": 18.633540372670808,
  "retweeted": 116,
  "retweetedKpi": 0.36,
  "favorited": 291,
  "favoritedKpi": 0.9
}
