{
  "username": "ctrlok",
  "tweets": 390,
  "ownTweets": 253,
  "ownTweetsPercentage": 64.87179487179488,
  "retweets": 57,
  "retweetsPercentage": 14.615384615384615,
  "replies": 80,
  "repliesPercentage": 20.512820512820515,
  "retweeted": 95,
  "retweetedKpi": 0.38,
  "favorited": 241,
  "favoritedKpi": 0.95
}
