{
  "username": "ctrlok",
  "tweets": 446,
  "ownTweets": 292,
  "ownTweetsPercentage": 65.47085201793722,
  "retweets": 67,
  "retweetsPercentage": 15.022421524663677,
  "replies": 87,
  "repliesPercentage": 19.506726457399104,
  "retweeted": 114,
  "retweetedKpi": 0.39,
  "favorited": 280,
  "favoritedKpi": 0.96
}
