{
  "username": "ctrlok",
  "tweets": 525,
  "ownTweets": 351,
  "ownTweetsPercentage": 66.85714285714286,
  "retweets": 80,
  "retweetsPercentage": 15.238095238095237,
  "replies": 94,
  "repliesPercentage": 17.904761904761905,
  "retweeted": 122,
  "retweetedKpi": 0.35,
  "favorited": 296,
  "favoritedKpi": 0.84
}
