{
  "username": "ctrlok",
  "tweets": 431,
  "ownTweets": 285,
  "ownTweetsPercentage": 66.12529002320186,
  "retweets": 60,
  "retweetsPercentage": 13.92111368909513,
  "replies": 86,
  "repliesPercentage": 19.953596287703018,
  "retweeted": 108,
  "retweetedKpi": 0.38,
  "favorited": 266,
  "favoritedKpi": 0.93
}
