{
  "username": "ctrlok",
  "tweets": 154,
  "ownTweets": 88,
  "ownTweetsPercentage": 57.14285714285714,
  "retweets": 40,
  "retweetsPercentage": 25.974025974025974,
  "replies": 26,
  "repliesPercentage": 16.883116883116884,
  "retweeted": 38,
  "retweetedKpi": 0.43,
  "favorited": 61,
  "favoritedKpi": 0.69
}
