{
  "username": "ctrlok",
  "tweets": 394,
  "ownTweets": 257,
  "ownTweetsPercentage": 65.22842639593908,
  "retweets": 57,
  "retweetsPercentage": 14.467005076142133,
  "replies": 80,
  "repliesPercentage": 20.304568527918782,
  "retweeted": 96,
  "retweetedKpi": 0.37,
  "favorited": 241,
  "favoritedKpi": 0.94
}
