{
  "username": "ctrlok",
  "tweets": 581,
  "ownTweets": 376,
  "ownTweetsPercentage": 64.71600688468159,
  "retweets": 89,
  "retweetsPercentage": 15.3184165232358,
  "replies": 116,
  "repliesPercentage": 19.965576592082616,
  "retweeted": 134,
  "retweetedKpi": 0.36,
  "favorited": 360,
  "favoritedKpi": 0.96
}
