{
  "username": "ctrlok",
  "tweets": 420,
  "ownTweets": 279,
  "ownTweetsPercentage": 66.42857142857143,
  "retweets": 58,
  "retweetsPercentage": 13.809523809523808,
  "replies": 83,
  "repliesPercentage": 19.761904761904763,
  "retweeted": 106,
  "retweetedKpi": 0.38,
  "favorited": 258,
  "favoritedKpi": 0.92
}
