{
  "username": "ctrlok",
  "tweets": 381,
  "ownTweets": 246,
  "ownTweetsPercentage": 64.56692913385827,
  "retweets": 56,
  "retweetsPercentage": 14.698162729658792,
  "replies": 79,
  "repliesPercentage": 20.73490813648294,
  "retweeted": 91,
  "retweetedKpi": 0.37,
  "favorited": 238,
  "favoritedKpi": 0.97
}
