{
  "username": "ctrlok",
  "tweets": 94,
  "ownTweets": 52,
  "ownTweetsPercentage": 55.319148936170215,
  "retweets": 31,
  "retweetsPercentage": 32.97872340425532,
  "replies": 11,
  "repliesPercentage": 11.702127659574469,
  "retweeted": 17,
  "retweetedKpi": 0.33,
  "favorited": 31,
  "favoritedKpi": 0.6
}
