{
  "username": "ctrlok",
  "tweets": 445,
  "ownTweets": 292,
  "ownTweetsPercentage": 65.61797752808988,
  "retweets": 66,
  "retweetsPercentage": 14.831460674157302,
  "replies": 87,
  "repliesPercentage": 19.55056179775281,
  "retweeted": 114,
  "retweetedKpi": 0.39,
  "favorited": 279,
  "favoritedKpi": 0.96
}
