{
  "username": "ctrlok",
  "tweets": 388,
  "ownTweets": 252,
  "ownTweetsPercentage": 64.94845360824742,
  "retweets": 57,
  "retweetsPercentage": 14.690721649484537,
  "replies": 79,
  "repliesPercentage": 20.360824742268044,
  "retweeted": 94,
  "retweetedKpi": 0.37,
  "favorited": 240,
  "favoritedKpi": 0.95
}
