{
  "username": "ctrlok",
  "tweets": 73,
  "ownTweets": 45,
  "ownTweetsPercentage": 61.64383561643836,
  "retweets": 22,
  "retweetsPercentage": 30.136986301369863,
  "replies": 6,
  "repliesPercentage": 8.219178082191782,
  "retweeted": 14,
  "retweetedKpi": 0.31,
  "favorited": 19,
  "favoritedKpi": 0.42
}
