{
  "username": "ctrlok",
  "tweets": 350,
  "ownTweets": 227,
  "ownTweetsPercentage": 64.85714285714286,
  "retweets": 54,
  "retweetsPercentage": 15.428571428571429,
  "replies": 69,
  "repliesPercentage": 19.714285714285715,
  "retweeted": 80,
  "retweetedKpi": 0.35,
  "favorited": 238,
  "favoritedKpi": 1.05
}
