{
  "username": "ctrlok",
  "tweets": 392,
  "ownTweets": 255,
  "ownTweetsPercentage": 65.05102040816327,
  "retweets": 57,
  "retweetsPercentage": 14.540816326530612,
  "replies": 80,
  "repliesPercentage": 20.408163265306122,
  "retweeted": 96,
  "retweetedKpi": 0.38,
  "favorited": 241,
  "favoritedKpi": 0.95
}
