{
  "username": "ctrlok",
  "tweets": 217,
  "ownTweets": 133,
  "ownTweetsPercentage": 61.29032258064516,
  "retweets": 45,
  "retweetsPercentage": 20.737327188940093,
  "replies": 39,
  "repliesPercentage": 17.972350230414747,
  "retweeted": 56,
  "retweetedKpi": 0.42,
  "favorited": 127,
  "favoritedKpi": 0.95
}
