{
  "username": "ctrlok",
  "tweets": 297,
  "ownTweets": 194,
  "ownTweetsPercentage": 65.31986531986531,
  "retweets": 52,
  "retweetsPercentage": 17.50841750841751,
  "replies": 51,
  "repliesPercentage": 17.17171717171717,
  "retweeted": 73,
  "retweetedKpi": 0.38,
  "favorited": 195,
  "favoritedKpi": 1.01
}
