{
  "username": "de_gis",
  "tweets": 119,
  "ownTweets": 21,
  "ownTweetsPercentage": 17.647058823529413,
  "retweets": 62,
  "retweetsPercentage": 52.10084033613445,
  "replies": 36,
  "repliesPercentage": 30.252100840336137,
  "retweeted": 4,
  "retweetedKpi": 0.19,
  "favorited": 9,
  "favoritedKpi": 0.43
}
