{
  "username": "de_gis",
  "tweets": 187,
  "ownTweets": 55,
  "ownTweetsPercentage": 29.41176470588235,
  "retweets": 84,
  "retweetsPercentage": 44.91978609625668,
  "replies": 48,
  "repliesPercentage": 25.668449197860962,
  "retweeted": 10,
  "retweetedKpi": 0.18,
  "favorited": 52,
  "favoritedKpi": 0.95
}
