{
  "username": "de_gis",
  "tweets": 68,
  "ownTweets": 9,
  "ownTweetsPercentage": 13.235294117647058,
  "retweets": 38,
  "retweetsPercentage": 55.882352941176464,
  "replies": 21,
  "repliesPercentage": 30.882352941176467,
  "retweeted": 3,
  "retweetedKpi": 0.33,
  "favorited": 6,
  "favoritedKpi": 0.67
}
