{
  "username": "de_gis",
  "tweets": 146,
  "ownTweets": 26,
  "ownTweetsPercentage": 17.808219178082194,
  "retweets": 78,
  "retweetsPercentage": 53.42465753424658,
  "replies": 42,
  "repliesPercentage": 28.767123287671232,
  "retweeted": 6,
  "retweetedKpi": 0.23,
  "favorited": 17,
  "favoritedKpi": 0.65
}
