{
  "username": "de_gis",
  "tweets": 69,
  "ownTweets": 9,
  "ownTweetsPercentage": 13.043478260869566,
  "retweets": 38,
  "retweetsPercentage": 55.072463768115945,
  "replies": 22,
  "repliesPercentage": 31.884057971014496,
  "retweeted": 3,
  "retweetedKpi": 0.33,
  "favorited": 6,
  "favoritedKpi": 0.67
}
