{
  "username": "de_gis",
  "tweets": 181,
  "ownTweets": 49,
  "ownTweetsPercentage": 27.07182320441989,
  "retweets": 84,
  "retweetsPercentage": 46.408839779005525,
  "replies": 48,
  "repliesPercentage": 26.519337016574585,
  "retweeted": 9,
  "retweetedKpi": 0.18,
  "favorited": 54,
  "favoritedKpi": 1.1
}
