{
  "username": "de_gis",
  "tweets": 171,
  "ownTweets": 47,
  "ownTweetsPercentage": 27.485380116959064,
  "retweets": 80,
  "retweetsPercentage": 46.78362573099415,
  "replies": 44,
  "repliesPercentage": 25.730994152046783,
  "retweeted": 9,
  "retweetedKpi": 0.19,
  "favorited": 31,
  "favoritedKpi": 0.66
}
