{
  "username": "de_gis",
  "tweets": 170,
  "ownTweets": 47,
  "ownTweetsPercentage": 27.647058823529413,
  "retweets": 80,
  "retweetsPercentage": 47.05882352941177,
  "replies": 43,
  "repliesPercentage": 25.294117647058822,
  "retweeted": 9,
  "retweetedKpi": 0.19,
  "favorited": 31,
  "favoritedKpi": 0.66
}
