{
  "username": "de_gis",
  "tweets": 172,
  "ownTweets": 47,
  "ownTweetsPercentage": 27.325581395348838,
  "retweets": 80,
  "retweetsPercentage": 46.51162790697674,
  "replies": 45,
  "repliesPercentage": 26.16279069767442,
  "retweeted": 9,
  "retweetedKpi": 0.19,
  "favorited": 31,
  "favoritedKpi": 0.66
}
