{
  "username": "difezza",
  "tweets": 82,
  "ownTweets": 58,
  "ownTweetsPercentage": 70.73170731707317,
  "retweets": 5,
  "retweetsPercentage": 6.097560975609756,
  "replies": 19,
  "repliesPercentage": 23.170731707317074,
  "retweeted": 26,
  "retweetedKpi": 0.45,
  "favorited": 118,
  "favoritedKpi": 2.03
}
