{
  "username": "difezza",
  "tweets": 81,
  "ownTweets": 58,
  "ownTweetsPercentage": 71.60493827160494,
  "retweets": 5,
  "retweetsPercentage": 6.172839506172839,
  "replies": 18,
  "repliesPercentage": 22.22222222222222,
  "retweeted": 26,
  "retweetedKpi": 0.45,
  "favorited": 118,
  "favoritedKpi": 2.03
}
