{
  "username": "difezza",
  "tweets": 87,
  "ownTweets": 60,
  "ownTweetsPercentage": 68.96551724137932,
  "retweets": 6,
  "retweetsPercentage": 6.8965517241379315,
  "replies": 21,
  "repliesPercentage": 24.137931034482758,
  "retweeted": 27,
  "retweetedKpi": 0.45,
  "favorited": 128,
  "favoritedKpi": 2.13
}
