{
  "username": "difezza",
  "tweets": 68,
  "ownTweets": 47,
  "ownTweetsPercentage": 69.11764705882352,
  "retweets": 5,
  "retweetsPercentage": 7.352941176470588,
  "replies": 16,
  "repliesPercentage": 23.52941176470588,
  "retweeted": 25,
  "retweetedKpi": 0.53,
  "favorited": 116,
  "favoritedKpi": 2.47
}
