{
  "username": "difezza",
  "tweets": 79,
  "ownTweets": 57,
  "ownTweetsPercentage": 72.15189873417721,
  "retweets": 5,
  "retweetsPercentage": 6.329113924050633,
  "replies": 17,
  "repliesPercentage": 21.51898734177215,
  "retweeted": 26,
  "retweetedKpi": 0.46,
  "favorited": 118,
  "favoritedKpi": 2.07
}
