{
  "username": "dizballanze",
  "tweets": 189,
  "ownTweets": 74,
  "ownTweetsPercentage": 39.15343915343916,
  "retweets": 48,
  "retweetsPercentage": 25.3968253968254,
  "replies": 67,
  "repliesPercentage": 35.44973544973545,
  "retweeted": 71,
  "retweetedKpi": 0.96,
  "favorited": 251,
  "favoritedKpi": 3.39
}
