{
  "username": "dizballanze",
  "tweets": 193,
  "ownTweets": 78,
  "ownTweetsPercentage": 40.41450777202073,
  "retweets": 48,
  "retweetsPercentage": 24.870466321243523,
  "replies": 67,
  "repliesPercentage": 34.715025906735754,
  "retweeted": 89,
  "retweetedKpi": 1.14,
  "favorited": 296,
  "favoritedKpi": 3.79
}
