{
  "username": "dizballanze",
  "tweets": 142,
  "ownTweets": 43,
  "ownTweetsPercentage": 30.281690140845072,
  "retweets": 42,
  "retweetsPercentage": 29.577464788732396,
  "replies": 57,
  "repliesPercentage": 40.140845070422536,
  "retweeted": 19,
  "retweetedKpi": 0.44,
  "favorited": 91,
  "favoritedKpi": 2.12
}
