{
  "username": "dizballanze",
  "tweets": 173,
  "ownTweets": 63,
  "ownTweetsPercentage": 36.41618497109827,
  "retweets": 44,
  "retweetsPercentage": 25.433526011560694,
  "replies": 66,
  "repliesPercentage": 38.15028901734104,
  "retweeted": 42,
  "retweetedKpi": 0.67,
  "favorited": 166,
  "favoritedKpi": 2.63
}
