{
  "username": "dizballanze",
  "tweets": 169,
  "ownTweets": 60,
  "ownTweetsPercentage": 35.50295857988166,
  "retweets": 43,
  "retweetsPercentage": 25.443786982248522,
  "replies": 66,
  "repliesPercentage": 39.053254437869825,
  "retweeted": 37,
  "retweetedKpi": 0.62,
  "favorited": 151,
  "favoritedKpi": 2.52
}
