{
  "username": "dizballanze",
  "tweets": 156,
  "ownTweets": 51,
  "ownTweetsPercentage": 32.69230769230769,
  "retweets": 43,
  "retweetsPercentage": 27.564102564102562,
  "replies": 62,
  "repliesPercentage": 39.743589743589745,
  "retweeted": 32,
  "retweetedKpi": 0.63,
  "favorited": 129,
  "favoritedKpi": 2.53
}
