{
  "username": "dizballanze",
  "tweets": 198,
  "ownTweets": 80,
  "ownTweetsPercentage": 40.4040404040404,
  "retweets": 48,
  "retweetsPercentage": 24.242424242424242,
  "replies": 70,
  "repliesPercentage": 35.35353535353536,
  "retweeted": 89,
  "retweetedKpi": 1.11,
  "favorited": 296,
  "favoritedKpi": 3.7
}
