{
  "username": "dsimonov",
  "tweets": 216,
  "ownTweets": 51,
  "ownTweetsPercentage": 23.61111111111111,
  "retweets": 93,
  "retweetsPercentage": 43.05555555555555,
  "replies": 72,
  "repliesPercentage": 33.33333333333333,
  "retweeted": 44,
  "retweetedKpi": 0.86,
  "favorited": 27,
  "favoritedKpi": 0.53
}
