{
  "username": "dsimonov",
  "tweets": 190,
  "ownTweets": 35,
  "ownTweetsPercentage": 18.42105263157895,
  "retweets": 86,
  "retweetsPercentage": 45.26315789473684,
  "replies": 69,
  "repliesPercentage": 36.31578947368421,
  "retweeted": 44,
  "retweetedKpi": 1.26,
  "favorited": 22,
  "favoritedKpi": 0.63
}
