{
  "username": "dsimonov",
  "tweets": 199,
  "ownTweets": 36,
  "ownTweetsPercentage": 18.09045226130653,
  "retweets": 92,
  "retweetsPercentage": 46.231155778894475,
  "replies": 71,
  "repliesPercentage": 35.678391959798994,
  "retweeted": 44,
  "retweetedKpi": 1.22,
  "favorited": 22,
  "favoritedKpi": 0.61
}
