{
  "username": "dsimonov",
  "tweets": 122,
  "ownTweets": 15,
  "ownTweetsPercentage": 12.295081967213115,
  "retweets": 57,
  "retweetsPercentage": 46.721311475409834,
  "replies": 50,
  "repliesPercentage": 40.98360655737705,
  "retweeted": 4,
  "retweetedKpi": 0.27,
  "favorited": 8,
  "favoritedKpi": 0.53
}
