{
  "username": "dsimonov",
  "tweets": 193,
  "ownTweets": 35,
  "ownTweetsPercentage": 18.134715025906736,
  "retweets": 87,
  "retweetsPercentage": 45.07772020725389,
  "replies": 71,
  "repliesPercentage": 36.78756476683938,
  "retweeted": 44,
  "retweetedKpi": 1.26,
  "favorited": 22,
  "favoritedKpi": 0.63
}
