{
  "username": "dsimonov",
  "tweets": 124,
  "ownTweets": 15,
  "ownTweetsPercentage": 12.096774193548388,
  "retweets": 58,
  "retweetsPercentage": 46.774193548387096,
  "replies": 51,
  "repliesPercentage": 41.12903225806452,
  "retweeted": 4,
  "retweetedKpi": 0.27,
  "favorited": 8,
  "favoritedKpi": 0.53
}
