{
  "username": "dsimonov",
  "tweets": 143,
  "ownTweets": 31,
  "ownTweetsPercentage": 21.67832167832168,
  "retweets": 59,
  "retweetsPercentage": 41.25874125874126,
  "replies": 53,
  "repliesPercentage": 37.06293706293707,
  "retweeted": 18,
  "retweetedKpi": 0.58,
  "favorited": 11,
  "favoritedKpi": 0.35
}
