{
  "username": "dsimonov",
  "tweets": 215,
  "ownTweets": 50,
  "ownTweetsPercentage": 23.255813953488374,
  "retweets": 93,
  "retweetsPercentage": 43.25581395348837,
  "replies": 72,
  "repliesPercentage": 33.48837209302326,
  "retweeted": 44,
  "retweetedKpi": 0.88,
  "favorited": 24,
  "favoritedKpi": 0.48
}
