{
  "username": "dsimonov",
  "tweets": 145,
  "ownTweets": 31,
  "ownTweetsPercentage": 21.379310344827587,
  "retweets": 60,
  "retweetsPercentage": 41.37931034482759,
  "replies": 54,
  "repliesPercentage": 37.241379310344826,
  "retweeted": 19,
  "retweetedKpi": 0.61,
  "favorited": 11,
  "favoritedKpi": 0.35
}
