{
  "username": "heapyhop",
  "tweets": 45,
  "ownTweets": 33,
  "ownTweetsPercentage": 73.33333333333333,
  "retweets": 6,
  "retweetsPercentage": 13.333333333333332,
  "replies": 6,
  "repliesPercentage": 13.333333333333332,
  "retweeted": 22,
  "retweetedKpi": 0.67,
  "favorited": 22,
  "favoritedKpi": 0.67
}
