{
  "username": "heapyhop",
  "tweets": 74,
  "ownTweets": 56,
  "ownTweetsPercentage": 75.67567567567568,
  "retweets": 12,
  "retweetsPercentage": 16.216216216216218,
  "replies": 6,
  "repliesPercentage": 8.108108108108109,
  "retweeted": 49,
  "retweetedKpi": 0.88,
  "favorited": 99,
  "favoritedKpi": 1.77
}
