{
  "username": "heapyhop",
  "tweets": 77,
  "ownTweets": 59,
  "ownTweetsPercentage": 76.62337662337661,
  "retweets": 12,
  "retweetsPercentage": 15.584415584415584,
  "replies": 6,
  "repliesPercentage": 7.792207792207792,
  "retweeted": 50,
  "retweetedKpi": 0.85,
  "favorited": 107,
  "favoritedKpi": 1.81
}
