{
  "username": "heapyhop",
  "tweets": 107,
  "ownTweets": 87,
  "ownTweetsPercentage": 81.30841121495327,
  "retweets": 14,
  "retweetsPercentage": 13.084112149532709,
  "replies": 6,
  "repliesPercentage": 5.607476635514018,
  "retweeted": 55,
  "retweetedKpi": 0.63,
  "favorited": 130,
  "favoritedKpi": 1.49
}
