{
  "username": "heapyhop",
  "tweets": 87,
  "ownTweets": 67,
  "ownTweetsPercentage": 77.01149425287356,
  "retweets": 14,
  "retweetsPercentage": 16.091954022988507,
  "replies": 6,
  "repliesPercentage": 6.8965517241379315,
  "retweeted": 53,
  "retweetedKpi": 0.79,
  "favorited": 121,
  "favoritedKpi": 1.81
}
