{
  "username": "heapyhop",
  "tweets": 78,
  "ownTweets": 60,
  "ownTweetsPercentage": 76.92307692307692,
  "retweets": 12,
  "retweetsPercentage": 15.384615384615383,
  "replies": 6,
  "repliesPercentage": 7.692307692307692,
  "retweeted": 51,
  "retweetedKpi": 0.85,
  "favorited": 112,
  "favoritedKpi": 1.87
}
