{
  "username": "heapyhop",
  "tweets": 57,
  "ownTweets": 44,
  "ownTweetsPercentage": 77.19298245614036,
  "retweets": 7,
  "retweetsPercentage": 12.280701754385966,
  "replies": 6,
  "repliesPercentage": 10.526315789473685,
  "retweeted": 39,
  "retweetedKpi": 0.89,
  "favorited": 48,
  "favoritedKpi": 1.09
}
