{
  "username": "heapyhop",
  "tweets": 69,
  "ownTweets": 53,
  "ownTweetsPercentage": 76.81159420289856,
  "retweets": 10,
  "retweetsPercentage": 14.492753623188406,
  "replies": 6,
  "repliesPercentage": 8.695652173913045,
  "retweeted": 45,
  "retweetedKpi": 0.85,
  "favorited": 61,
  "favoritedKpi": 1.15
}
