{
  "username": "heapyhop",
  "tweets": 118,
  "ownTweets": 95,
  "ownTweetsPercentage": 80.5084745762712,
  "retweets": 17,
  "retweetsPercentage": 14.40677966101695,
  "replies": 6,
  "repliesPercentage": 5.084745762711865,
  "retweeted": 55,
  "retweetedKpi": 0.58,
  "favorited": 137,
  "favoritedKpi": 1.44
}
