{
  "username": "ipronix",
  "tweets": 1020,
  "ownTweets": 438,
  "ownTweetsPercentage": 42.94117647058824,
  "retweets": 350,
  "retweetsPercentage": 34.31372549019608,
  "replies": 232,
  "repliesPercentage": 22.745098039215687,
  "retweeted": 106,
  "retweetedKpi": 0.24,
  "favorited": 272,
  "favoritedKpi": 0.62
}
