{
  "username": "ipronix",
  "tweets": 55,
  "ownTweets": 36,
  "ownTweetsPercentage": 65.45454545454545,
  "retweets": 12,
  "retweetsPercentage": 21.818181818181817,
  "replies": 7,
  "repliesPercentage": 12.727272727272727,
  "retweeted": 4,
  "retweetedKpi": 0.11,
  "favorited": 17,
  "favoritedKpi": 0.47
}
