{
  "username": "ipronix",
  "tweets": 869,
  "ownTweets": 388,
  "ownTweetsPercentage": 44.64902186421174,
  "retweets": 303,
  "retweetsPercentage": 34.86766398158803,
  "replies": 178,
  "repliesPercentage": 20.483314154200233,
  "retweeted": 99,
  "retweetedKpi": 0.26,
  "favorited": 243,
  "favoritedKpi": 0.63
}
