{
  "username": "ipronix",
  "tweets": 1022,
  "ownTweets": 438,
  "ownTweetsPercentage": 42.857142857142854,
  "retweets": 350,
  "retweetsPercentage": 34.24657534246575,
  "replies": 234,
  "repliesPercentage": 22.89628180039139,
  "retweeted": 106,
  "retweetedKpi": 0.24,
  "favorited": 272,
  "favoritedKpi": 0.62
}
