{
  "username": "ipronix",
  "tweets": 196,
  "ownTweets": 97,
  "ownTweetsPercentage": 49.48979591836735,
  "retweets": 59,
  "retweetsPercentage": 30.102040816326532,
  "replies": 40,
  "repliesPercentage": 20.408163265306122,
  "retweeted": 29,
  "retweetedKpi": 0.3,
  "favorited": 63,
  "favoritedKpi": 0.65
}
