{
  "username": "ipronix",
  "tweets": 1017,
  "ownTweets": 436,
  "ownTweetsPercentage": 42.87118977384464,
  "retweets": 350,
  "retweetsPercentage": 34.4149459193707,
  "replies": 231,
  "repliesPercentage": 22.71386430678466,
  "retweeted": 106,
  "retweetedKpi": 0.24,
  "favorited": 273,
  "favoritedKpi": 0.63
}
