{
  "username": "ipronix",
  "tweets": 297,
  "ownTweets": 161,
  "ownTweetsPercentage": 54.20875420875421,
  "retweets": 81,
  "retweetsPercentage": 27.27272727272727,
  "replies": 55,
  "repliesPercentage": 18.51851851851852,
  "retweeted": 44,
  "retweetedKpi": 0.27,
  "favorited": 90,
  "favoritedKpi": 0.56
}
