{
  "username": "ipronix",
  "tweets": 847,
  "ownTweets": 380,
  "ownTweetsPercentage": 44.8642266824085,
  "retweets": 291,
  "retweetsPercentage": 34.35655253837072,
  "replies": 176,
  "repliesPercentage": 20.77922077922078,
  "retweeted": 95,
  "retweetedKpi": 0.25,
  "favorited": 235,
  "favoritedKpi": 0.62
}
