{
  "username": "ipronix",
  "tweets": 1097,
  "ownTweets": 463,
  "ownTweetsPercentage": 42.2060164083865,
  "retweets": 377,
  "retweetsPercentage": 34.36645396536007,
  "replies": 257,
  "repliesPercentage": 23.427529626253417,
  "retweeted": 114,
  "retweetedKpi": 0.25,
  "favorited": 307,
  "favoritedKpi": 0.66
}
