{
  "username": "ipronix",
  "tweets": 957,
  "ownTweets": 418,
  "ownTweetsPercentage": 43.678160919540225,
  "retweets": 337,
  "retweetsPercentage": 35.214211076280044,
  "replies": 202,
  "repliesPercentage": 21.107628004179727,
  "retweeted": 102,
  "retweetedKpi": 0.24,
  "favorited": 262,
  "favoritedKpi": 0.63
}
