{
  "username": "ipronix",
  "tweets": 1026,
  "ownTweets": 440,
  "ownTweetsPercentage": 42.88499025341131,
  "retweets": 351,
  "retweetsPercentage": 34.21052631578947,
  "replies": 235,
  "repliesPercentage": 22.90448343079922,
  "retweeted": 106,
  "retweetedKpi": 0.24,
  "favorited": 274,
  "favoritedKpi": 0.62
}
