{
  "username": "ipronix",
  "tweets": 298,
  "ownTweets": 162,
  "ownTweetsPercentage": 54.36241610738255,
  "retweets": 81,
  "retweetsPercentage": 27.181208053691275,
  "replies": 55,
  "repliesPercentage": 18.456375838926174,
  "retweeted": 44,
  "retweetedKpi": 0.27,
  "favorited": 90,
  "favoritedKpi": 0.56
}
