{
  "username": "ipronix",
  "tweets": 1240,
  "ownTweets": 505,
  "ownTweetsPercentage": 40.725806451612904,
  "retweets": 429,
  "retweetsPercentage": 34.596774193548384,
  "replies": 306,
  "repliesPercentage": 24.677419354838708,
  "retweeted": 135,
  "retweetedKpi": 0.27,
  "favorited": 336,
  "favoritedKpi": 0.67
}
