{
  "username": "ipronix",
  "tweets": 193,
  "ownTweets": 97,
  "ownTweetsPercentage": 50.259067357512954,
  "retweets": 56,
  "retweetsPercentage": 29.015544041450777,
  "replies": 40,
  "repliesPercentage": 20.72538860103627,
  "retweeted": 29,
  "retweetedKpi": 0.3,
  "favorited": 63,
  "favoritedKpi": 0.65
}
