{
  "username": "ipronix",
  "tweets": 127,
  "ownTweets": 71,
  "ownTweetsPercentage": 55.90551181102362,
  "retweets": 34,
  "retweetsPercentage": 26.771653543307085,
  "replies": 22,
  "repliesPercentage": 17.322834645669293,
  "retweeted": 15,
  "retweetedKpi": 0.21,
  "favorited": 41,
  "favoritedKpi": 0.58
}
