{
  "username": "ipronix",
  "tweets": 1015,
  "ownTweets": 435,
  "ownTweetsPercentage": 42.857142857142854,
  "retweets": 350,
  "retweetsPercentage": 34.48275862068965,
  "replies": 230,
  "repliesPercentage": 22.660098522167488,
  "retweeted": 106,
  "retweetedKpi": 0.24,
  "favorited": 272,
  "favoritedKpi": 0.63
}
