{
  "username": "ipronix",
  "tweets": 841,
  "ownTweets": 380,
  "ownTweetsPercentage": 45.18430439952437,
  "retweets": 286,
  "retweetsPercentage": 34.00713436385256,
  "replies": 175,
  "repliesPercentage": 20.808561236623067,
  "retweeted": 95,
  "retweetedKpi": 0.25,
  "favorited": 233,
  "favoritedKpi": 0.61
}
