{
  "username": "ipronix",
  "tweets": 725,
  "ownTweets": 335,
  "ownTweetsPercentage": 46.206896551724135,
  "retweets": 246,
  "retweetsPercentage": 33.93103448275862,
  "replies": 144,
  "repliesPercentage": 19.862068965517242,
  "retweeted": 88,
  "retweetedKpi": 0.26,
  "favorited": 219,
  "favoritedKpi": 0.65
}
