{
  "username": "ipronix",
  "tweets": 499,
  "ownTweets": 249,
  "ownTweetsPercentage": 49.899799599198396,
  "retweets": 154,
  "retweetsPercentage": 30.861723446893787,
  "replies": 96,
  "repliesPercentage": 19.238476953907814,
  "retweeted": 67,
  "retweetedKpi": 0.27,
  "favorited": 152,
  "favoritedKpi": 0.61
}
