{
  "username": "ipronix",
  "tweets": 668,
  "ownTweets": 309,
  "ownTweetsPercentage": 46.25748502994012,
  "retweets": 232,
  "retweetsPercentage": 34.73053892215569,
  "replies": 127,
  "repliesPercentage": 19.01197604790419,
  "retweeted": 83,
  "retweetedKpi": 0.27,
  "favorited": 213,
  "favoritedKpi": 0.69
}
