{
  "username": "ipronix",
  "tweets": 870,
  "ownTweets": 388,
  "ownTweetsPercentage": 44.59770114942529,
  "retweets": 304,
  "retweetsPercentage": 34.94252873563219,
  "replies": 178,
  "repliesPercentage": 20.45977011494253,
  "retweeted": 99,
  "retweetedKpi": 0.26,
  "favorited": 243,
  "favoritedKpi": 0.63
}
