{
  "username": "ipronix",
  "tweets": 576,
  "ownTweets": 282,
  "ownTweetsPercentage": 48.958333333333336,
  "retweets": 193,
  "retweetsPercentage": 33.50694444444444,
  "replies": 101,
  "repliesPercentage": 17.53472222222222,
  "retweeted": 72,
  "retweetedKpi": 0.26,
  "favorited": 188,
  "favoritedKpi": 0.67
}
