{
  "username": "ipronix",
  "tweets": 1012,
  "ownTweets": 434,
  "ownTweetsPercentage": 42.88537549407115,
  "retweets": 350,
  "retweetsPercentage": 34.584980237154156,
  "replies": 228,
  "repliesPercentage": 22.529644268774707,
  "retweeted": 106,
  "retweetedKpi": 0.24,
  "favorited": 272,
  "favoritedKpi": 0.63
}
