{
  "username": "ipronix",
  "tweets": 575,
  "ownTweets": 281,
  "ownTweetsPercentage": 48.869565217391305,
  "retweets": 193,
  "retweetsPercentage": 33.56521739130435,
  "replies": 101,
  "repliesPercentage": 17.565217391304348,
  "retweeted": 72,
  "retweetedKpi": 0.26,
  "favorited": 187,
  "favoritedKpi": 0.67
}
