{
  "username": "ipronix",
  "tweets": 191,
  "ownTweets": 96,
  "ownTweetsPercentage": 50.261780104712045,
  "retweets": 56,
  "retweetsPercentage": 29.319371727748692,
  "replies": 39,
  "repliesPercentage": 20.418848167539267,
  "retweeted": 29,
  "retweetedKpi": 0.3,
  "favorited": 63,
  "favoritedKpi": 0.66
}
