{
  "username": "ipronix",
  "tweets": 1096,
  "ownTweets": 463,
  "ownTweetsPercentage": 42.24452554744525,
  "retweets": 377,
  "retweetsPercentage": 34.3978102189781,
  "replies": 256,
  "repliesPercentage": 23.357664233576642,
  "retweeted": 114,
  "retweetedKpi": 0.25,
  "favorited": 307,
  "favoritedKpi": 0.66
}
