{
  "username": "ipronix",
  "tweets": 764,
  "ownTweets": 343,
  "ownTweetsPercentage": 44.89528795811518,
  "retweets": 267,
  "retweetsPercentage": 34.947643979057595,
  "replies": 154,
  "repliesPercentage": 20.157068062827225,
  "retweeted": 91,
  "retweetedKpi": 0.27,
  "favorited": 226,
  "favoritedKpi": 0.66
}
