{
  "username": "ipronix",
  "tweets": 1016,
  "ownTweets": 436,
  "ownTweetsPercentage": 42.91338582677165,
  "retweets": 350,
  "retweetsPercentage": 34.44881889763779,
  "replies": 230,
  "repliesPercentage": 22.637795275590552,
  "retweeted": 106,
  "retweetedKpi": 0.24,
  "favorited": 272,
  "favoritedKpi": 0.62
}
