{
  "username": "ipronix",
  "tweets": 1223,
  "ownTweets": 496,
  "ownTweetsPercentage": 40.556009811937855,
  "retweets": 424,
  "retweetsPercentage": 34.668847097301715,
  "replies": 303,
  "repliesPercentage": 24.775143090760423,
  "retweeted": 129,
  "retweetedKpi": 0.26,
  "favorited": 336,
  "favoritedKpi": 0.68
}
