{
  "username": "ipronix",
  "tweets": 1222,
  "ownTweets": 495,
  "ownTweetsPercentage": 40.50736497545008,
  "retweets": 424,
  "retweetsPercentage": 34.697217675941076,
  "replies": 303,
  "repliesPercentage": 24.795417348608837,
  "retweeted": 129,
  "retweetedKpi": 0.26,
  "favorited": 336,
  "favoritedKpi": 0.68
}
