{
  "username": "ipronix",
  "tweets": 1014,
  "ownTweets": 435,
  "ownTweetsPercentage": 42.899408284023664,
  "retweets": 350,
  "retweetsPercentage": 34.51676528599605,
  "replies": 229,
  "repliesPercentage": 22.583826429980274,
  "retweeted": 106,
  "retweetedKpi": 0.24,
  "favorited": 273,
  "favoritedKpi": 0.63
}
