{
  "username": "ipronix",
  "tweets": 384,
  "ownTweets": 196,
  "ownTweetsPercentage": 51.04166666666667,
  "retweets": 112,
  "retweetsPercentage": 29.166666666666668,
  "replies": 76,
  "repliesPercentage": 19.791666666666668,
  "retweeted": 52,
  "retweetedKpi": 0.27,
  "favorited": 114,
  "favoritedKpi": 0.58
}
