{
  "username": "ipronix",
  "tweets": 195,
  "ownTweets": 97,
  "ownTweetsPercentage": 49.743589743589745,
  "retweets": 58,
  "retweetsPercentage": 29.743589743589745,
  "replies": 40,
  "repliesPercentage": 20.512820512820515,
  "retweeted": 29,
  "retweetedKpi": 0.3,
  "favorited": 63,
  "favoritedKpi": 0.65
}
