{
  "username": "ipronix",
  "tweets": 1018,
  "ownTweets": 437,
  "ownTweetsPercentage": 42.927308447937136,
  "retweets": 350,
  "retweetsPercentage": 34.3811394891945,
  "replies": 231,
  "repliesPercentage": 22.69155206286837,
  "retweeted": 106,
  "retweetedKpi": 0.24,
  "favorited": 273,
  "favoritedKpi": 0.62
}
