{
  "username": "ipronix",
  "tweets": 597,
  "ownTweets": 285,
  "ownTweetsPercentage": 47.73869346733669,
  "retweets": 208,
  "retweetsPercentage": 34.84087102177555,
  "replies": 104,
  "repliesPercentage": 17.420435510887774,
  "retweeted": 80,
  "retweetedKpi": 0.28,
  "favorited": 200,
  "favoritedKpi": 0.7
}
