{
  "username": "ipronix",
  "tweets": 821,
  "ownTweets": 367,
  "ownTweetsPercentage": 44.70158343483556,
  "retweets": 281,
  "retweetsPercentage": 34.22655298416565,
  "replies": 173,
  "repliesPercentage": 21.07186358099878,
  "retweeted": 93,
  "retweetedKpi": 0.25,
  "favorited": 228,
  "favoritedKpi": 0.62
}
