{
  "username": "ipronix",
  "tweets": 89,
  "ownTweets": 52,
  "ownTweetsPercentage": 58.42696629213483,
  "retweets": 23,
  "retweetsPercentage": 25.84269662921348,
  "replies": 14,
  "repliesPercentage": 15.730337078651685,
  "retweeted": 13,
  "retweetedKpi": 0.25,
  "favorited": 33,
  "favoritedKpi": 0.63
}
