{
  "username": "ipronix",
  "tweets": 437,
  "ownTweets": 214,
  "ownTweetsPercentage": 48.97025171624714,
  "retweets": 135,
  "retweetsPercentage": 30.892448512585812,
  "replies": 88,
  "repliesPercentage": 20.137299771167047,
  "retweeted": 55,
  "retweetedKpi": 0.26,
  "favorited": 128,
  "favoritedKpi": 0.6
}
