{
  "username": "KSDaemon",
  "tweets": 311,
  "ownTweets": 152,
  "ownTweetsPercentage": 48.87459807073955,
  "retweets": 66,
  "retweetsPercentage": 21.221864951768488,
  "replies": 93,
  "repliesPercentage": 29.903536977491964,
  "retweeted": 20,
  "retweetedKpi": 0.13,
  "favorited": 63,
  "favoritedKpi": 0.41
}
