{
  "username": "KSDaemon",
  "tweets": 89,
  "ownTweets": 51,
  "ownTweetsPercentage": 57.30337078651685,
  "retweets": 14,
  "retweetsPercentage": 15.730337078651685,
  "replies": 24,
  "repliesPercentage": 26.96629213483146,
  "retweeted": 4,
  "retweetedKpi": 0.08,
  "favorited": 22,
  "favoritedKpi": 0.43
}
