{
  "username": "KSDaemon",
  "tweets": 315,
  "ownTweets": 155,
  "ownTweetsPercentage": 49.20634920634921,
  "retweets": 66,
  "retweetsPercentage": 20.952380952380953,
  "replies": 94,
  "repliesPercentage": 29.841269841269842,
  "retweeted": 20,
  "retweetedKpi": 0.13,
  "favorited": 63,
  "favoritedKpi": 0.41
}
