{
  "username": "KSDaemon",
  "tweets": 407,
  "ownTweets": 195,
  "ownTweetsPercentage": 47.911547911547906,
  "retweets": 86,
  "retweetsPercentage": 21.13022113022113,
  "replies": 126,
  "repliesPercentage": 30.958230958230956,
  "retweeted": 31,
  "retweetedKpi": 0.16,
  "favorited": 85,
  "favoritedKpi": 0.44
}
