{
  "username": "KSDaemon",
  "tweets": 362,
  "ownTweets": 172,
  "ownTweetsPercentage": 47.51381215469613,
  "retweets": 79,
  "retweetsPercentage": 21.823204419889503,
  "replies": 111,
  "repliesPercentage": 30.662983425414364,
  "retweeted": 23,
  "retweetedKpi": 0.13,
  "favorited": 71,
  "favoritedKpi": 0.41
}
