{
  "username": "KSDaemon",
  "tweets": 371,
  "ownTweets": 174,
  "ownTweetsPercentage": 46.900269541778975,
  "retweets": 81,
  "retweetsPercentage": 21.83288409703504,
  "replies": 116,
  "repliesPercentage": 31.266846361185983,
  "retweeted": 24,
  "retweetedKpi": 0.14,
  "favorited": 78,
  "favoritedKpi": 0.45
}
