{
  "username": "KSDaemon",
  "tweets": 313,
  "ownTweets": 153,
  "ownTweetsPercentage": 48.881789137380196,
  "retweets": 66,
  "retweetsPercentage": 21.08626198083067,
  "replies": 94,
  "repliesPercentage": 30.031948881789138,
  "retweeted": 20,
  "retweetedKpi": 0.13,
  "favorited": 63,
  "favoritedKpi": 0.41
}
