{
  "username": "KSDaemon",
  "tweets": 411,
  "ownTweets": 198,
  "ownTweetsPercentage": 48.17518248175182,
  "retweets": 86,
  "retweetsPercentage": 20.92457420924574,
  "replies": 127,
  "repliesPercentage": 30.90024330900243,
  "retweeted": 31,
  "retweetedKpi": 0.16,
  "favorited": 85,
  "favoritedKpi": 0.43
}
