{
  "username": "KSDaemon",
  "tweets": 312,
  "ownTweets": 153,
  "ownTweetsPercentage": 49.03846153846154,
  "retweets": 66,
  "retweetsPercentage": 21.153846153846153,
  "replies": 93,
  "repliesPercentage": 29.807692307692307,
  "retweeted": 20,
  "retweetedKpi": 0.13,
  "favorited": 63,
  "favoritedKpi": 0.41
}
