{
  "username": "KSDaemon",
  "tweets": 381,
  "ownTweets": 175,
  "ownTweetsPercentage": 45.93175853018373,
  "retweets": 85,
  "retweetsPercentage": 22.30971128608924,
  "replies": 121,
  "repliesPercentage": 31.758530183727032,
  "retweeted": 25,
  "retweetedKpi": 0.14,
  "favorited": 80,
  "favoritedKpi": 0.46
}
