{
  "username": "KSDaemon",
  "tweets": 291,
  "ownTweets": 144,
  "ownTweetsPercentage": 49.48453608247422,
  "retweets": 60,
  "retweetsPercentage": 20.618556701030926,
  "replies": 87,
  "repliesPercentage": 29.896907216494842,
  "retweeted": 20,
  "retweetedKpi": 0.14,
  "favorited": 61,
  "favoritedKpi": 0.42
}
