{
  "username": "KSDaemon",
  "tweets": 396,
  "ownTweets": 185,
  "ownTweetsPercentage": 46.717171717171716,
  "retweets": 86,
  "retweetsPercentage": 21.717171717171716,
  "replies": 125,
  "repliesPercentage": 31.565656565656568,
  "retweeted": 26,
  "retweetedKpi": 0.14,
  "favorited": 81,
  "favoritedKpi": 0.44
}
