{
  "username": "KSDaemon",
  "tweets": 309,
  "ownTweets": 150,
  "ownTweetsPercentage": 48.54368932038835,
  "retweets": 66,
  "retweetsPercentage": 21.359223300970875,
  "replies": 93,
  "repliesPercentage": 30.09708737864078,
  "retweeted": 20,
  "retweetedKpi": 0.13,
  "favorited": 63,
  "favoritedKpi": 0.42
}
