{
  "username": "kurmanov",
  "tweets": 141,
  "ownTweets": 35,
  "ownTweetsPercentage": 24.822695035460995,
  "retweets": 58,
  "retweetsPercentage": 41.13475177304965,
  "replies": 48,
  "repliesPercentage": 34.04255319148936,
  "retweeted": 23,
  "retweetedKpi": 0.66,
  "favorited": 47,
  "favoritedKpi": 1.34
}
