{
  "username": "lambdadmitry",
  "tweets": 122,
  "ownTweets": 59,
  "ownTweetsPercentage": 48.36065573770492,
  "retweets": 20,
  "retweetsPercentage": 16.39344262295082,
  "replies": 43,
  "repliesPercentage": 35.24590163934426,
  "retweeted": 20,
  "retweetedKpi": 0.34,
  "favorited": 156,
  "favoritedKpi": 2.64
}
