{
  "username": "lambdadmitry",
  "tweets": 110,
  "ownTweets": 54,
  "ownTweetsPercentage": 49.090909090909086,
  "retweets": 16,
  "retweetsPercentage": 14.545454545454545,
  "replies": 40,
  "repliesPercentage": 36.36363636363636,
  "retweeted": 16,
  "retweetedKpi": 0.3,
  "favorited": 103,
  "favoritedKpi": 1.91
}
