{
  "username": "lecharton",
  "tweets": 191,
  "ownTweets": 22,
  "ownTweetsPercentage": 11.518324607329843,
  "retweets": 79,
  "retweetsPercentage": 41.361256544502616,
  "replies": 90,
  "repliesPercentage": 47.12041884816754,
  "retweeted": 10,
  "retweetedKpi": 0.45,
  "favorited": 20,
  "favoritedKpi": 0.91
}
