{
  "username": "lecharton",
  "tweets": 105,
  "ownTweets": 12,
  "ownTweetsPercentage": 11.428571428571429,
  "retweets": 44,
  "retweetsPercentage": 41.904761904761905,
  "replies": 49,
  "repliesPercentage": 46.666666666666664,
  "retweeted": 5,
  "retweetedKpi": 0.42,
  "favorited": 9,
  "favoritedKpi": 0.75
}
