{
  "username": "lecharton",
  "tweets": 150,
  "ownTweets": 16,
  "ownTweetsPercentage": 10.666666666666666,
  "retweets": 61,
  "retweetsPercentage": 40.666666666666664,
  "replies": 73,
  "repliesPercentage": 48.666666666666664,
  "retweeted": 8,
  "retweetedKpi": 0.5,
  "favorited": 13,
  "favoritedKpi": 0.81
}
