{
  "username": "lecharton",
  "tweets": 206,
  "ownTweets": 28,
  "ownTweetsPercentage": 13.592233009708737,
  "retweets": 84,
  "retweetsPercentage": 40.77669902912621,
  "replies": 94,
  "repliesPercentage": 45.631067961165044,
  "retweeted": 15,
  "retweetedKpi": 0.54,
  "favorited": 26,
  "favoritedKpi": 0.93
}
