{
  "username": "lecharton",
  "tweets": 138,
  "ownTweets": 14,
  "ownTweetsPercentage": 10.144927536231885,
  "retweets": 57,
  "retweetsPercentage": 41.30434782608696,
  "replies": 67,
  "repliesPercentage": 48.550724637681164,
  "retweeted": 7,
  "retweetedKpi": 0.5,
  "favorited": 13,
  "favoritedKpi": 0.93
}
