{
  "username": "lecharton",
  "tweets": 146,
  "ownTweets": 15,
  "ownTweetsPercentage": 10.273972602739727,
  "retweets": 60,
  "retweetsPercentage": 41.09589041095891,
  "replies": 71,
  "repliesPercentage": 48.63013698630137,
  "retweeted": 7,
  "retweetedKpi": 0.47,
  "favorited": 13,
  "favoritedKpi": 0.87
}
