{
  "username": "lecharton",
  "tweets": 193,
  "ownTweets": 22,
  "ownTweetsPercentage": 11.398963730569948,
  "retweets": 80,
  "retweetsPercentage": 41.45077720207254,
  "replies": 91,
  "repliesPercentage": 47.15025906735752,
  "retweeted": 13,
  "retweetedKpi": 0.59,
  "favorited": 24,
  "favoritedKpi": 1.09
}
