{
  "username": "listochkin",
  "tweets": 155,
  "ownTweets": 98,
  "ownTweetsPercentage": 63.225806451612904,
  "retweets": 36,
  "retweetsPercentage": 23.225806451612904,
  "replies": 21,
  "repliesPercentage": 13.548387096774194,
  "retweeted": 53,
  "retweetedKpi": 0.54,
  "favorited": 329,
  "favoritedKpi": 3.36
}
