{
  "username": "listochkin",
  "tweets": 129,
  "ownTweets": 87,
  "ownTweetsPercentage": 67.44186046511628,
  "retweets": 28,
  "retweetsPercentage": 21.705426356589147,
  "replies": 14,
  "repliesPercentage": 10.852713178294573,
  "retweeted": 50,
  "retweetedKpi": 0.57,
  "favorited": 326,
  "favoritedKpi": 3.75
}
