{
  "username": "listochkin",
  "tweets": 126,
  "ownTweets": 86,
  "ownTweetsPercentage": 68.25396825396825,
  "retweets": 27,
  "retweetsPercentage": 21.428571428571427,
  "replies": 13,
  "repliesPercentage": 10.317460317460318,
  "retweeted": 41,
  "retweetedKpi": 0.48,
  "favorited": 292,
  "favoritedKpi": 3.4
}
