{
  "username": "listochkin",
  "tweets": 124,
  "ownTweets": 84,
  "ownTweetsPercentage": 67.74193548387098,
  "retweets": 27,
  "retweetsPercentage": 21.774193548387096,
  "replies": 13,
  "repliesPercentage": 10.483870967741936,
  "retweeted": 26,
  "retweetedKpi": 0.31,
  "favorited": 258,
  "favoritedKpi": 3.07
}
