{
  "username": "lomakin",
  "tweets": 213,
  "ownTweets": 86,
  "ownTweetsPercentage": 40.375586854460096,
  "retweets": 66,
  "retweetsPercentage": 30.985915492957748,
  "replies": 61,
  "repliesPercentage": 28.63849765258216,
  "retweeted": 70,
  "retweetedKpi": 0.81,
  "favorited": 191,
  "favoritedKpi": 2.22
}
