{
  "username": "lomakin",
  "tweets": 205,
  "ownTweets": 83,
  "ownTweetsPercentage": 40.487804878048784,
  "retweets": 62,
  "retweetsPercentage": 30.243902439024392,
  "replies": 60,
  "repliesPercentage": 29.26829268292683,
  "retweeted": 70,
  "retweetedKpi": 0.84,
  "favorited": 185,
  "favoritedKpi": 2.23
}
