{
  "username": "lomakin",
  "tweets": 409,
  "ownTweets": 153,
  "ownTweetsPercentage": 37.40831295843521,
  "retweets": 140,
  "retweetsPercentage": 34.229828850855746,
  "replies": 116,
  "repliesPercentage": 28.361858190709047,
  "retweeted": 114,
  "retweetedKpi": 0.75,
  "favorited": 479,
  "favoritedKpi": 3.13
}
