{
  "username": "lomakin",
  "tweets": 364,
  "ownTweets": 138,
  "ownTweetsPercentage": 37.91208791208791,
  "retweets": 123,
  "retweetsPercentage": 33.79120879120879,
  "replies": 103,
  "repliesPercentage": 28.296703296703296,
  "retweeted": 111,
  "retweetedKpi": 0.8,
  "favorited": 467,
  "favoritedKpi": 3.38
}
