{
  "username": "lomakin",
  "tweets": 411,
  "ownTweets": 153,
  "ownTweetsPercentage": 37.22627737226277,
  "retweets": 141,
  "retweetsPercentage": 34.30656934306569,
  "replies": 117,
  "repliesPercentage": 28.467153284671532,
  "retweeted": 116,
  "retweetedKpi": 0.76,
  "favorited": 484,
  "favoritedKpi": 3.16
}
