{
  "username": "M0sth8",
  "tweets": 78,
  "ownTweets": 55,
  "ownTweetsPercentage": 70.51282051282051,
  "retweets": 8,
  "retweetsPercentage": 10.256410256410255,
  "replies": 15,
  "repliesPercentage": 19.23076923076923,
  "retweeted": 36,
  "retweetedKpi": 0.65,
  "favorited": 268,
  "favoritedKpi": 4.87
}
