{
  "username": "M0sth8",
  "tweets": 154,
  "ownTweets": 95,
  "ownTweetsPercentage": 61.688311688311686,
  "retweets": 30,
  "retweetsPercentage": 19.48051948051948,
  "replies": 29,
  "repliesPercentage": 18.83116883116883,
  "retweeted": 62,
  "retweetedKpi": 0.65,
  "favorited": 539,
  "favoritedKpi": 5.67
}
