{
  "username": "M0sth8",
  "tweets": 94,
  "ownTweets": 64,
  "ownTweetsPercentage": 68.08510638297872,
  "retweets": 12,
  "retweetsPercentage": 12.765957446808512,
  "replies": 18,
  "repliesPercentage": 19.148936170212767,
  "retweeted": 44,
  "retweetedKpi": 0.69,
  "favorited": 331,
  "favoritedKpi": 5.17
}
