{
  "username": "M0sth8",
  "tweets": 55,
  "ownTweets": 41,
  "ownTweetsPercentage": 74.54545454545453,
  "retweets": 7,
  "retweetsPercentage": 12.727272727272727,
  "replies": 7,
  "repliesPercentage": 12.727272727272727,
  "retweeted": 18,
  "retweetedKpi": 0.44,
  "favorited": 157,
  "favoritedKpi": 3.83
}
