{
  "username": "M0sth8",
  "tweets": 168,
  "ownTweets": 102,
  "ownTweetsPercentage": 60.714285714285715,
  "retweets": 35,
  "retweetsPercentage": 20.833333333333336,
  "replies": 31,
  "repliesPercentage": 18.452380952380953,
  "retweeted": 68,
  "retweetedKpi": 0.67,
  "favorited": 579,
  "favoritedKpi": 5.68
}
