{
  "username": "M0sth8",
  "tweets": 136,
  "ownTweets": 88,
  "ownTweetsPercentage": 64.70588235294117,
  "retweets": 21,
  "retweetsPercentage": 15.441176470588234,
  "replies": 27,
  "repliesPercentage": 19.852941176470587,
  "retweeted": 61,
  "retweetedKpi": 0.69,
  "favorited": 477,
  "favoritedKpi": 5.42
}
