{
  "username": "M0sth8",
  "tweets": 140,
  "ownTweets": 90,
  "ownTweetsPercentage": 64.28571428571429,
  "retweets": 23,
  "retweetsPercentage": 16.42857142857143,
  "replies": 27,
  "repliesPercentage": 19.28571428571429,
  "retweeted": 61,
  "retweetedKpi": 0.68,
  "favorited": 523,
  "favoritedKpi": 5.81
}
