{
  "username": "M0sth8",
  "tweets": 158,
  "ownTweets": 97,
  "ownTweetsPercentage": 61.392405063291136,
  "retweets": 31,
  "retweetsPercentage": 19.62025316455696,
  "replies": 30,
  "repliesPercentage": 18.987341772151897,
  "retweeted": 63,
  "retweetedKpi": 0.65,
  "favorited": 554,
  "favoritedKpi": 5.71
}
