{
  "username": "M0sth8",
  "tweets": 106,
  "ownTweets": 69,
  "ownTweetsPercentage": 65.09433962264151,
  "retweets": 14,
  "retweetsPercentage": 13.20754716981132,
  "replies": 23,
  "repliesPercentage": 21.69811320754717,
  "retweeted": 51,
  "retweetedKpi": 0.74,
  "favorited": 407,
  "favoritedKpi": 5.9
}
