{
  "username": "M0sth8",
  "tweets": 61,
  "ownTweets": 42,
  "ownTweetsPercentage": 68.85245901639344,
  "retweets": 8,
  "retweetsPercentage": 13.114754098360656,
  "replies": 11,
  "repliesPercentage": 18.0327868852459,
  "retweeted": 27,
  "retweetedKpi": 0.64,
  "favorited": 231,
  "favoritedKpi": 5.5
}
