{
  "username": "M0sth8",
  "tweets": 57,
  "ownTweets": 41,
  "ownTweetsPercentage": 71.92982456140352,
  "retweets": 7,
  "retweetsPercentage": 12.280701754385966,
  "replies": 9,
  "repliesPercentage": 15.789473684210527,
  "retweeted": 18,
  "retweetedKpi": 0.44,
  "favorited": 161,
  "favoritedKpi": 3.93
}
