{
  "username": "M0sth8",
  "tweets": 144,
  "ownTweets": 93,
  "ownTweetsPercentage": 64.58333333333334,
  "retweets": 23,
  "retweetsPercentage": 15.972222222222223,
  "replies": 28,
  "repliesPercentage": 19.444444444444446,
  "retweeted": 62,
  "retweetedKpi": 0.67,
  "favorited": 529,
  "favoritedKpi": 5.69
}
