{
  "username": "M0sth8",
  "tweets": 166,
  "ownTweets": 100,
  "ownTweetsPercentage": 60.24096385542169,
  "retweets": 35,
  "retweetsPercentage": 21.08433734939759,
  "replies": 31,
  "repliesPercentage": 18.674698795180724,
  "retweeted": 68,
  "retweetedKpi": 0.68,
  "favorited": 574,
  "favoritedKpi": 5.74
}
