{
  "username": "nmishin",
  "tweets": 286,
  "ownTweets": 50,
  "ownTweetsPercentage": 17.482517482517483,
  "retweets": 150,
  "retweetsPercentage": 52.44755244755245,
  "replies": 86,
  "repliesPercentage": 30.06993006993007,
  "retweeted": 45,
  "retweetedKpi": 0.9,
  "favorited": 91,
  "favoritedKpi": 1.82
}
