{
  "username": "nmishin",
  "tweets": 310,
  "ownTweets": 61,
  "ownTweetsPercentage": 19.677419354838708,
  "retweets": 150,
  "retweetsPercentage": 48.387096774193544,
  "replies": 99,
  "repliesPercentage": 31.93548387096774,
  "retweeted": 48,
  "retweetedKpi": 0.79,
  "favorited": 96,
  "favoritedKpi": 1.57
}
