{
  "username": "rpashkoff",
  "tweets": 102,
  "ownTweets": 63,
  "ownTweetsPercentage": 61.76470588235294,
  "retweets": 16,
  "retweetsPercentage": 15.686274509803921,
  "replies": 23,
  "repliesPercentage": 22.549019607843135,
  "retweeted": 66,
  "retweetedKpi": 1.05,
  "favorited": 188,
  "favoritedKpi": 2.98
}
