{
  "username": "rpashkoff",
  "tweets": 103,
  "ownTweets": 64,
  "ownTweetsPercentage": 62.13592233009709,
  "retweets": 16,
  "retweetsPercentage": 15.533980582524272,
  "replies": 23,
  "repliesPercentage": 22.33009708737864,
  "retweeted": 70,
  "retweetedKpi": 1.09,
  "favorited": 210,
  "favoritedKpi": 3.28
}
