{
  "username": "rpashkoff",
  "tweets": 108,
  "ownTweets": 67,
  "ownTweetsPercentage": 62.03703703703703,
  "retweets": 17,
  "retweetsPercentage": 15.74074074074074,
  "replies": 24,
  "repliesPercentage": 22.22222222222222,
  "retweeted": 77,
  "retweetedKpi": 1.15,
  "favorited": 219,
  "favoritedKpi": 3.27
}
