{
  "username": "rpashkoff",
  "tweets": 76,
  "ownTweets": 43,
  "ownTweetsPercentage": 56.578947368421055,
  "retweets": 13,
  "retweetsPercentage": 17.105263157894736,
  "replies": 20,
  "repliesPercentage": 26.31578947368421,
  "retweeted": 54,
  "retweetedKpi": 1.26,
  "favorited": 156,
  "favoritedKpi": 3.63
}
