{
  "username": "rpashkoff",
  "tweets": 58,
  "ownTweets": 32,
  "ownTweetsPercentage": 55.17241379310345,
  "retweets": 11,
  "retweetsPercentage": 18.965517241379313,
  "replies": 15,
  "repliesPercentage": 25.862068965517242,
  "retweeted": 42,
  "retweetedKpi": 1.31,
  "favorited": 103,
  "favoritedKpi": 3.22
}
