{
  "username": "rpashkoff",
  "tweets": 75,
  "ownTweets": 43,
  "ownTweetsPercentage": 57.333333333333336,
  "retweets": 13,
  "retweetsPercentage": 17.333333333333332,
  "replies": 19,
  "repliesPercentage": 25.333333333333332,
  "retweeted": 54,
  "retweetedKpi": 1.26,
  "favorited": 156,
  "favoritedKpi": 3.63
}
