{
  "username": "rpashkoff",
  "tweets": 106,
  "ownTweets": 65,
  "ownTweetsPercentage": 61.32075471698113,
  "retweets": 17,
  "retweetsPercentage": 16.037735849056602,
  "replies": 24,
  "repliesPercentage": 22.641509433962263,
  "retweeted": 73,
  "retweetedKpi": 1.12,
  "favorited": 212,
  "favoritedKpi": 3.26
}
