{
  "username": "rpashkoff",
  "tweets": 82,
  "ownTweets": 45,
  "ownTweetsPercentage": 54.87804878048781,
  "retweets": 14,
  "retweetsPercentage": 17.073170731707318,
  "replies": 23,
  "repliesPercentage": 28.04878048780488,
  "retweeted": 54,
  "retweetedKpi": 1.2,
  "favorited": 159,
  "favoritedKpi": 3.53
}
