{
  "username": "rpashkoff",
  "tweets": 46,
  "ownTweets": 22,
  "ownTweetsPercentage": 47.826086956521735,
  "retweets": 10,
  "retweetsPercentage": 21.73913043478261,
  "replies": 14,
  "repliesPercentage": 30.434782608695652,
  "retweeted": 28,
  "retweetedKpi": 1.27,
  "favorited": 70,
  "favoritedKpi": 3.18
}
