{
  "username": "rpashkoff",
  "tweets": 59,
  "ownTweets": 33,
  "ownTweetsPercentage": 55.93220338983051,
  "retweets": 11,
  "retweetsPercentage": 18.64406779661017,
  "replies": 15,
  "repliesPercentage": 25.423728813559322,
  "retweeted": 42,
  "retweetedKpi": 1.27,
  "favorited": 104,
  "favoritedKpi": 3.15
}
