{
  "username": "SBozhko",
  "tweets": 178,
  "ownTweets": 106,
  "ownTweetsPercentage": 59.550561797752806,
  "retweets": 39,
  "retweetsPercentage": 21.91011235955056,
  "replies": 33,
  "repliesPercentage": 18.53932584269663,
  "retweeted": 63,
  "retweetedKpi": 0.59,
  "favorited": 196,
  "favoritedKpi": 1.85
}
