{
  "username": "SBozhko",
  "tweets": 124,
  "ownTweets": 79,
  "ownTweetsPercentage": 63.70967741935484,
  "retweets": 28,
  "retweetsPercentage": 22.580645161290324,
  "replies": 17,
  "repliesPercentage": 13.709677419354838,
  "retweeted": 20,
  "retweetedKpi": 0.25,
  "favorited": 76,
  "favoritedKpi": 0.96
}
