{
  "username": "SBozhko",
  "tweets": 135,
  "ownTweets": 86,
  "ownTweetsPercentage": 63.7037037037037,
  "retweets": 29,
  "retweetsPercentage": 21.48148148148148,
  "replies": 20,
  "repliesPercentage": 14.814814814814813,
  "retweeted": 35,
  "retweetedKpi": 0.41,
  "favorited": 108,
  "favoritedKpi": 1.26
}
