{
  "username": "SBozhko",
  "tweets": 106,
  "ownTweets": 68,
  "ownTweetsPercentage": 64.15094339622641,
  "retweets": 26,
  "retweetsPercentage": 24.528301886792452,
  "replies": 12,
  "repliesPercentage": 11.320754716981131,
  "retweeted": 15,
  "retweetedKpi": 0.22,
  "favorited": 73,
  "favoritedKpi": 1.07
}
