{
  "username": "SBozhko",
  "tweets": 158,
  "ownTweets": 95,
  "ownTweetsPercentage": 60.12658227848101,
  "retweets": 33,
  "retweetsPercentage": 20.886075949367086,
  "replies": 30,
  "repliesPercentage": 18.987341772151897,
  "retweeted": 60,
  "retweetedKpi": 0.63,
  "favorited": 187,
  "favoritedKpi": 1.97
}
