{
  "username": "SBozhko",
  "tweets": 140,
  "ownTweets": 90,
  "ownTweetsPercentage": 64.28571428571429,
  "retweets": 30,
  "retweetsPercentage": 21.42857142857143,
  "replies": 20,
  "repliesPercentage": 14.285714285714286,
  "retweeted": 45,
  "retweetedKpi": 0.5,
  "favorited": 139,
  "favoritedKpi": 1.54
}
