{
  "username": "SBozhko",
  "tweets": 162,
  "ownTweets": 98,
  "ownTweetsPercentage": 60.49382716049382,
  "retweets": 34,
  "retweetsPercentage": 20.98765432098765,
  "replies": 30,
  "repliesPercentage": 18.51851851851852,
  "retweeted": 61,
  "retweetedKpi": 0.62,
  "favorited": 191,
  "favoritedKpi": 1.95
}
